cid,company,country
1,Warner Bros.,United Kingdom
2,Columbia Pictures,United States
3,Lucasfilm,United States
4,Paramount Pictures,United States
5,Orion Pictures,United States
6,Universal Pictures,United States
7,Chartoff-Winkler Productions,United States
8,Dovemead Films,United States
9,United Artists,United States
10,The Malpaso Company,United States
11,C.A.T. Films,South Africa
12,Filmways Pictures,United States
13,Rastar Pictures,United States
14,IPC Films,United States
15,AVCO Embassy Pictures,United States
16,Lorimar Film Entertainment,West Germany
17,Partisan Productions,United States
18,Bryna Productions,United States
19,Twentieth Century Fox,United States
20,Cattle Annie Productions,United States
21,PolyGram Filmed Entertainment,United States
22,Camp Hill,United States
23,Melvin Simon Productions,United States
24,Jack Rollins & Charles H. Joffe Productions,United States
25,International Cinema,United States
26,Mulberry Square Productions,United States
27,American Cinema Productions,United States
28,Walt Disney Productions,United States
29,Borough Park Productions,Canada
30,Polygram Pictures,United Kingdom
31,Renaissance Pictures,United States
32,Astral Bellevue Pathé,Canada
33,Charles H. Schneer Productions,United Kingdom
34,Cinema '84,United Kingdom
35,Kennedy Miller Productions,Australia
36,Golden Harvest Company,United States
37,Mann/Caan Productions,United States
38,HandMade Films,United Kingdom
39,Georgetown Productions Inc.,United States
40,Eon Productions,United Kingdom
41,Dino De Laurentiis Company,United States
42,Major Studio Partners,United States
43,Barclays Mercantile Industrial Finance,United States
44,Walt Disney Animation Studios,United States
45,Enigma Productions,United Kingdom
46,Metro-Goldwyn-Mayer (MGM),United States
47,Brooksfilms,United States
48,Embassy Pictures,United States
49,Gurian Entertainment,United States
50,International Cinema Corporation (ICC),Canada
51,Barry & Enright Productions,United States
52,CIP Filmproduktion GmbH,West Germany
53,The Ladd Company,United Kingdom
54,Artista Management,United States
55,Fulvia Film,Italy
56,Zoetrope Studios,United States
57,Innovisions,United States
58,DeHaven/Shapiro Productions,United States
59,Eaves Movie Ranch,United States
60,Heron Productions,United States
61,Cinema Group Ventures,United States
62,One Way Productions,South Korea
63,PolyGram Pictures,United States
64,EMI Films,United States
65,Anabasis N.V.,United States
66,Incorporated Television Company (ITC),United Kingdom
67,International Film Investors,United Kingdom
68,Aurora,United States
69,Embassy International Pictures,United States
70,Leisure Investment Company,United States
71,United Film Distribution Company (UFDC),United States
72,Cambridge Productions,Australia
73,Goldcrest Films International,United Kingdom
74,RKO Pictures,United States
75,Cinematograph AB,Sweden
76,Almena Films,Spain
77,Pan Arts,United States
78,Rankin/Bass Productions,United Kingdom
79,VAE Productions,United States
80,Golan-Globus Productions,United States
81,The Geffen Company,United States
82,Aspen Film Society,United States
83,Chai Productions,United States
84,Sandcastle 5 Productions,United States
85,Richmond Light Horse Productions,Switzerland
86,Efer Productions,United States
87,Lorimar Productions,United States
88,James Glickenhaus,United States
89,C & C Brown Production,United States
90,Herb Jaffe,United States
91,Cable and Wireless Finance,United States
92,National Lampoon,United States
93,Unity Productions,United States
94,Atlantic Entertainment Group,United States
95,Filmplan International,Canada
96,Amblin Entertainment,United States
97,TaliaFilm II Productions,United Kingdom
98,Sunn Classic Pictures,United States
99,Breathless Associates,United States
100,ABC Motion Pictures,United States
101,Lucille Ball Productions,United States
102,Ladbroke,United Kingdom
103,Polyc International BV,United States
104,Seagoat Films,United Kingdom
105,Celandine Films,United Kingdom
106,Aries Cinematográfica Argentina,United States
107,Eagle Associates.,United States
108,1818 Productions,United States
109,Tiberius Film Productions,Canada
110,Millenium,Canada
111,JF Productions,United States
112,Adams Apple Film Company,United States
113,Cannon Films,United States
114,Hickmar Productions,United States
115,Cabal Film,United Kingdom
116,Heat GBR,United States
117,City Films,United States
118,Nelvana,Canada
119,Cannon Films Inc.,Italy
120,De Laurentiis Entertainment Group (DEG),Mexico
121,Osterman Weekend Associates,United States
122,World Film Services,United Kingdom
123,Rastar Films,United States
124,Harold Robbins International Company,United States
125,Delphi Films,United States
126,Double Play,United States
127,D & P Productions,United States
128,Phillips Whitehouse Productions,New Zealand
129,Seventh Avenue Films,United States
130,Winwood Productions,United States
131,Englander Productions,Canada
132,Charles Burnett Productions,United States
133,New Line Cinema,United States
134,AMLF,United States
135,Constantin Film,West Germany
136,Spinal Tap Prod.,United States
137,Kingsmere Properties,United Kingdom
138,Hal Roach Studios,United States
139,Touchstone Pictures,United States
140,River Road Productions,United States
141,TriStar Pictures,United States
142,Bachelor Party Productions,United States
143,Nibariki,Japan
144,Artistry Limited,United Kingdom
145,C.H.U.D. Productions,United States
146,Edge City Productions,United States
147,New World Pictures,United States
148,Arcafin B.V.,Hong Kong
149,Cinesthesia Productions,United States
150,Filmline Productions,United Kingdom
151,Colgems Productions Ltd.,United Kingdom
152,The Cannon Group,United States
153,A&M Films,United States
154,Jaffe-Lansing,United States
155,Bavaria Film,United States
156,Capricorn,Mexico
157,Hemdale,United States
158,HBO Pictures,United States
159,Fox Run Productions Inc.,United States
160,Don Simpson/Jerry Bruckheimer Films,United States
161,Anarchist's Convention Films,United States
162,BBE,United States
163,Hawn / Sylbert Movie Company,United States
164,Tartan Productions,United States
165,Edgar J. Scherick Associates,United States
166,MPL Communications,United Kingdom
167,CBS Theatrical Films,United States
168,Skyewiay,United States
169,Almost You,United States
170,SLM Production Group,United States
171,Estudios Churubusco Azteca S.A.,United States
172,Legend Production Company,United States
173,Delphi III Productions,United States
174,Greenwich Film Productions,Japan
175,Mirage Enterprises,United States
176,Walt Disney Pictures,United States
177,Empire Pictures,United States
178,Night Life Inc.,United States
179,American Playhouse,United Kingdom
180,Cinepro,New Zealand
181,Balcor Film Investors,Yugoslavia
182,Desert Hearts Productions,United States
183,GGG,United Kingdom
184,Toho Company,Japan
185,Pressman Productions,United Kingdom
186,Eurasia Investments,Hong Kong
187,David Foster Productions,United States
188,Crystalite Productions,United States
189,Filmation Associates,United States
190,Young Sung Production Co.,South Korea
191,Bud Yorkin Productions,United States
192,Cannon Pictures,United States
193,Rimfire Films,Australia
194,Henson Associates (HA),United Kingdom
195,Thorn EMI Screen Entertainment,United Kingdom
196,The Saul Zaentz Company,United States
197,Producers Sales Organization (PSO),United States
198,New Century Entertainment Corporation,United States
199,Jay Weston Productions,United States
200,L.A. Films,United States
201,Lawrence Gordon Productions,United States
202,Initial Pictures,United Kingdom
203,Maljack Productions,United States
204,Sunbow Productions,United States
205,Religioso Primitiva,United States
206,40 Acres & A Mule Filmworks,United States
207,Island Pictures,United States
208,Freddie Fields Productions,United States
209,Kings Road Entertainment,United States
210,Carthago Films S.a.r.l.,France
211,Capital Equipment Leasing,United Kingdom
212,Gladden Entertainment,United States
213,Cannon Group,United States
214,Delphi V Productions,United States
215,Paragon Arts International,United Kingdom
216,American Filmworks,United States
217,Escalante Productions,United States
218,J&M Entertainment,United Kingdom
219,Act III Communications,United Kingdom
220,Natant,United Kingdom
221,Great American Films Limited Partnership,United States
222,Circle Films,United States
223,F/M,United States
224,TAFT Entertainment Pictures,United States
225,Amercent Films,United States
226,Carolco International N.V.,United Kingdom
227,Alive Films,United States
228,Columbia Pictures Industries,United States
229,Applied Action,United States
230,Emshell Producers,United States
231,Heron Communications,United States
232,Vista Organization,United States
233,Aaron Spelling Productions,United States
234,Canon Italia S.r.l.,Italy
235,Home Box Office (HBO),United States
236,The Guber-Peters Company,United States
237,Carolco Pictures,United States
238,Cinecom Entertainment Group,United States
239,Fourth Protocol,United Kingdom
240,Lorimar Motion Pictures,United States
241,Imagine Films Entertainment,United States
242,Independent Film Centre,United States
243,The Samuel Goldwyn Company,United Kingdom
244,Zenith Entertainment,United Kingdom
245,H.I.T. Films,United States
246,Conquering Unicorn,United States
247,Commies From Mars Corporation,United Kingdom
248,Cineplex Odeon Films,United Kingdom
249,British Screen Productions,United Kingdom
250,New World Entertainment Films,United States
251,American Entertainment Partners II L.P.,United States
252,Cristaldifilm,Italy
253,Tokuma Japan Communications,Japan
254,Morgan Creek Entertainment,United States
255,Cannon International,United States
256,The Mount Company,United States
257,All Girl Productions,United States
258,Prominent Features,United Kingdom
259,Trancas International Films,United States
260,NBC Productions,United States
261,Mac and Me Joint Venture,United States
262,Front Films,United States
263,Weintraub Entertainment Group,United States
264,Cannon Entertainment,Australia
265,White Lair,United Kingdom
266,Vision PDG,Ireland
267,Shapiro-Glickenhaus Entertainment,United States
268,Laurenfilm,Spain
269,Cinema City Films,United States
270,Blue Rider Pictures,United States
271,Palace Pictures,United Kingdom
272,Zanuck/Brown Productions,United States
273,Palla,United States
274,Cornelius Productions,United States
275,Zacharias-Buhai Productions,United States
276,Spacegate Productions,United States
277,New Sky Communications Inc.,United States
278,Esparza,United States
279,Imagine Entertainment,United States
280,Abramoff Production,United States
281,No Frills Film Production,United States
282,Cecchi Gori Group Tiger Cinematografica,United States
283,New Visions,United States
284,Silver Screen Partners III,United States
285,Crescent Moon,United States
286,Producers Representative Organization,United Kingdom
287,Silver Pictures,United States
288,Outlaw Productions (I),United States
289,Castle Rock Entertainment,United States
290,Ixtlan,United States
291,Danjaq,United Kingdom
292,Eddie Murphy Productions,United States
293,White Eagle,United States
294,Art Linson Productions,United States
295,Cinecorp SAC,United States
296,Filmauro,United States
297,The Movie Group,United States
298,The Zanuck Company,United States
299,Avenue Pictures,United States
300,Magnum Pictures Inc.,United States
301,Carolco Entertainment,United States
302,Beco Films,United States
303,Gordon Company,United States
304,Norman Twain Productions,United States
305,Renaissance Films,United Kingdom
306,Renn Productions,France
307,JVC Entertainment Networks,Japan
308,Vestron Pictures,United Kingdom
309,Allied Vision,United States
310,Alleged Productions,United States
311,TMS Entertainment,Japan
312,Lightyear Entertainment,United States
313,Malpaso Productions,United States
314,Canadian International Studios VIII,Canada
315,Davros Films,United States
316,Sean S. Cunningham Films,United States
317,Hill/Rosenman,United States
318,High Bar Productions,United States
319,Cine Location Services,United States
320,AM/PM Entertainment,United States
321,Cinetel Films,United States
322,Aaron Russo Entertainment,United States
323,American Playhouse Theatrical Films,United States
324,Hughes Entertainment,United States
325,Tig Productions,United States
326,888 Productions,United States
327,Davis Entertainment,United States
328,Hollywood Pictures,United States
329,Reteitalia,Italy
330,Detour Filmproduction,United States
331,Pathé Entertainment,Australia
332,88 Productions,United States
333,Imperial Entertainment Corporation,United States
334,Silver Screen Partners IV,United States
335,"Jackson/McHenry Company,The",United States
336,21st Century Film Corporation,United States
337,Nicolas Entertainment,United States
338,Levins-Henenlotter,United States
339,Cinehaus,United Kingdom
340,Victor & Grais,United States
341,Concorde Pictures,United States
342,Lightning Pictures,United States
343,Devoted Productions,United States
344,Laurence Mark Productions,United States
345,Recorded Picture Company (RPC),United Kingdom
346,Epic Productions,United States
347,Westerly Films,United States
348,Ironbark Films,United States
349,Nova International Films,United States
350,Interscope Communications,United States
351,ADC Films,Italy
352,Channel Four Films,United Kingdom
353,Brigand Films,United States
354,Cinemarque Entertainment,United States
355,Pacific Western,United States
356,Paisley Park Films,United States
357,Odyssey,United States
358,Largo Entertainment,United States
359,Strong Heart/Demme Production,United States
360,Anhelo Producciones,Mexico
361,Bill Graham Films,United States
362,Nelson Entertainment,United States
363,Geffen Pictures,United States
364,Stone Group Pictures,United States
365,Beacon Communications,Ireland
366,Victor Company of Japan (JVC),France
367,Joseph S. Vecchio Entertainment,United States
368,Films A2,France
369,Davis-Panzer Productions,United Kingdom
370,Little Tokyo Productions,United States
371,Krisjair,United States
372,Arnold Kopelson Productions,United States
373,Argos Films,Germany
374,Capella International,United States
375,Fogwood Films,United States
376,IRS Media,United States
377,Baltimore Pictures,France
378,Arena,Switzerland
379,Bronze Eye Productions,United States
380,Carnival Film & Television,United Kingdom
381,Siriol Productions,United Kingdom
382,Hivemind,United States
383,Les Films 21,United States
384,Esperanza Films Inc.,United States
385,Initial Entertainment Group (IEG),United States
386,Live Entertainment,United States
387,Candyman Films,United States
388,American Zoetrope,United Kingdom
389,Kasdan Pictures,United States
390,Avnet/Kerner Productions,United States
391,Image Organization,United States
392,Bakshi Animation,United States
393,Allied Filmmakers,United States
394,StudioCanal,United States
395,Touchwood Pacific Partners 1,United States
396,Largo International N.V.,Japan
397,Mace Neufeld Productions,United States
398,WingNut Films,New Zealand
399,Parkes/Lasker productions,United States
400,Encino Man Productions,United States
401,Canal+,France
402,Bad Lt. Productions,United States
403,FAI Films,Australia
404,Island World,United States
405,Fifth Avenue Entertainment,United States
406,Adventure Pictures,United Kingdom
407,Challenge Film Corporation,United Kingdom
408,Turner Pictures (I),United States
409,Gaumont,United Kingdom
410,Alcor Films,Australia
411,Northern Lights Entertainment,United States
412,Ascot Film,United States
413,British Broadcasting Corporation (BBC),United Kingdom
414,Consejo Nacional para la Cultura y las Artes (CONACULTA),Mexico
415,Dino de Laurentiis Communications,United States
416,Enchantment Films Inc.,United States
417,DENTSU Music And Entertainment,United States
418,Atchafalaya,United States
419,Christopher Columbus Productions,United Kingdom
420,Golden Way Films Ltd.,Hong Kong
421,Desperate Pictures,United States
422,Zeta Entertainment,United States
423,Penta Pictures,United States
424,Penta Films,United States
425,Penta Entertainment,United States
426,Majestic Films International,United States
427,In The Bag Productions,United States
428,Gramercy Pictures (I),United States
429,Price Entertainment,United States
430,CiBy 2000,New Zealand
431,Hell's Kitchen Films,Ireland
432,Film Andes S.A.,United States
433,TriStar Television,United States
434,Warner Bros. Family Entertainment,United States
435,Trimark Pictures,United States
436,Bandai Visual Company,United States
437,Davis-Films,France
438,CNCAIMC,Mexico
439,Polygram Filmed Entertainment,United Kingdom
440,Dorset Productions,United States
441,Icon Entertainment International,United States
442,Raffaella De Laurentiis Productions,United States
443,Warner Bros. Animation,United States
444,Chiodo Brothers Productions,United States
445,Full Crew/Say Yea,United States
446,Tomson Films,China
447,Wildwood Enterprises,United States
448,Propaganda Films,United States
449,Artimm,United States
450,Steve White Productions,United States
451,August Entertainment,France
452,Capella Films,United States
453,Parkway Productions,United States
454,Hanna-Barbera Productions,United Kingdom
455,Picture Securities,United States
456,Richard Williams Productions,United Kingdom
457,Film Workshop,Hong Kong
458,Road Movies Filmproduktion,Germany
459,Cecchi Gori Europa N.V.,Italy
460,Ang Lee Productions,Taiwan
461,Rastar Productions,United States
462,New Horizons Picture,United States
463,Permut Presentations,United States
464,Fine Line Features,United States
465,Miramax,United States
466,Krasnow Productions,United States
467,The Mark Gordon Company,United States
468,Crowvision Inc.,United States
469,Capcom Entertainment,Japan
470,View Askew Productions,United States
471,Donner/Shuler-Donner Productions,United States
472,Caravan Pictures,United States
473,Jersey Films,United States
474,Ultra Muchos Productions,United States
475,Cinergi Pictures Entertainment,United States
476,Savoy Pictures,United States
477,Vegahom Europe,United States
478,Egg Pictures,United States
479,Don Bluth,Ireland
480,Greenleaf Productions,United States
481,Jones Entertainment Group,United States
482,Seagal/Nasso Productions,United States
483,Etalon Film,United States
484,Buckeye Films,United States
485,Nest Family Entertainment,United States
486,Fallingcloud,United Kingdom
487,Audifilm,Italy
488,Channel Films,United States
489,21st Century Films,Canada
490,Ben-Ami/Leeds Productions,United States
491,Lumière Pictures,United States
492,Planet Productions,United States
493,Mulholland Productions,United States
494,Kouf/Bigelow Productions,United States
495,Cineville,United States
496,Annhall,United States
497,Barcelona Films,United States
498,Aim,Republic of Macedonia
499,Studio Trite,Russia
500,Cecchi Gori Pictures,United States
501,Guys Upstairs,United States
502,Lumiere Pictures,United States
503,Image Comics,United States
504,Constellation Entertainment,Germany
505,Havoc,United Kingdom
506,Lightstorm Entertainment,United States
507,Beckner/Gorman Productions,France
508,Constellation,France
509,New Regency Productions,United States
510,First Look International,United States
511,Pandora Filmproduktion,United States
512,Halloween VI Productions,United States
513,Sandollar Productions,United States
514,Suburban Pictures,United States
515,JDI Productions,United States
516,Lancaster Gate,United States
517,Sweetland Films,United States
518,FIT Productions,United Kingdom
519,Seraphim Films,United States
520,Allied Stars Ltd.,United States
521,Dog Eat Dog Films,United States
522,Triumph Films,Canada
523,Tapestry Films,United States
524,Playhouse International Pictures,United Kingdom
525,Brothers McMullen Productions,United States
526,Party Productions,United States
527,Populist Pictures,United States
528,Farabi Cinema Foundation,Iran
529,A Band Apart,France
530,BBC Films,United Kingdom
531,The Rank Organisation,United Kingdom
532,Rysher Entertainment,United States
533,Bazmark Films,United States
534,Dimension Films,United States
535,Astoria Films,United States
536,Alliance Communications Corporation,Canada
537,Tim Burton Productions,United States
538,Fiction,Italy
539,Clavius Base,United States
540,Kopelson Entertainment,United States
541,Digital Image Associates,United States
542,Doug Liman Productions,United States
543,Green Parrot,United States
544,Fox 2000 Pictures,United States
545,3 Arts Entertainment,United States
546,NDF International,United Kingdom
547,Addis Wechsler Pictures,United States
548,The Kushner-Locke Company,United States
549,1492 Pictures,United States
550,Good Machine,United States
551,Australian Film Finance Corporation (AFFC),Australia
552,Universal City Studios,United States
553,Scott Rudin Productions,United States
554,Bad Bird Productions,United States
555,Eleventh Street Production,United States
556,MDP Worldwide,Canada
557,Pope Productions,United States
558,Bruin Grip Services,United States
559,Mundy Lane Entertainment,United States
560,Motion Picture Corporation of America (MPCA),United States
561,Independent Pictures (II),United States
562,NFH Productions,United States
563,Peters Entertainment,United States
564,PVM Entertainment,United States
565,Fox Searchlight Pictures,United States
566,United Artists Pictures,United States
567,October Films,United States
568,.406 Production,United States
569,Merchant Ivory Productions,United States
570,Cappa Production,United States
571,Longview Entertainment,United States
572,Guild,France
573,Melampo Cinematografica,Italy
574,Golar Productions,United Kingdom
575,Mandalay Entertainment,United States
576,Brandywine Productions,United States
577,Cinema Line Film Corporation,United States
578,Blue Tulip Productions,United States
579,Redwave Films,United Kingdom
580,McFarlane Films,United States
581,Samuelson Productions,United Kingdom
582,Too Askew Prod. Inc.,United States
583,Phoenix Pictures,United States
584,Dreamworks Pictures,United States
585,Q Productions,United States
586,Block 2 Pictures,Hong Kong
587,Kuzui Enterprises,United States
588,Kanun parvaresh fekri,Iran
589,O Entertainment,United States
590,DC Entertainment,United States
591,De Fina-Cappa,United States
592,High School Sweethearts,United States
593,New Amsterdam Entertainment,United States
594,Jasmine Productions Inc.,United States
595,Papazian-Hirsch Entertainment International,United States
596,China Film Co-Production Corporation,United States
597,Butcher's Run Films,United States
598,Clinica Estetico,United States
599,David Kirschner Productions,United States
600,Samson Productions Pty. Ltd.,Australia
601,Daybreak,United States
602,Bandeira Entertainment,United States
603,Agenda,United Kingdom
604,Robert Simonds Productions,United States
605,JLT Productions,United States
606,Bates Entertainment,United States
607,Ivory Way Productions,United States
608,All Net Productions,United States
609,Alliance Atlantis Communications,Canada
610,Sheinberg Productions,United States
611,Amen Ra Films,United States
612,Juno Pix,United States
613,Fear and Loathing LLC,United States
614,Pixar Animation Studios,United States
615,DiNovi Pictures,United States
616,American Empirical Pictures,United States
617,Mystery Clock Cinema,Australia
618,Centropolis Film Productions,Japan
619,DreamWorks Animation,United States
620,Forge,United States
621,Nimbus Film Productions,Denmark
622,FGM Entertainment,United Kingdom
623,Midwinter Productions Inc.,United States
624,Harvest Filmworks,United States
625,Calimari Productions,United States
626,Dollface,United States
627,Intermedia Films,United Kingdom
628,Cinépix Film Properties (CFP),United States
629,Atlas Entertainment,United States
630,Next Wave Films,United Kingdom
631,Sciarlò,Italy
632,Broadway Pictures,United States
633,Zucker Brothers Productions,United States
634,HSX Films,United States
635,Lions Gate Films,United States
636,Rhombus Media,Canada
637,Oriental Light and Magic (OLM),Japan
638,Big Dog Films,Jamaica
639,Tomboy Films,United Kingdom
640,Award Entertainment,United Kingdom
641,British Broadcasting Corporation (BBC) Television,United States
642,Hyperion Pictures,United States
643,"Audiovisual Development Bureau, Ministerio da Cultura",Brazil
644,Polar Entertainment,United States
645,Cruise/Wagner Productions,United States
646,ShadowCatcher Entertainment,United States
647,Harpo Films,United States
648,Monarch Pictures,United States
649,Shooting Gallery,United States
650,DIC Entertainment,United States
651,Enchanter Entertainment,United States
652,Fade In Films,United States
653,Knock Films A.V.V.,Aruba
654,Blue Streak Films,United States
655,Artisan Entertainment,United States
656,Chinese Bookie Pictures,United States
657,HK Film Corporation,United States
658,FilmColony,United States
659,Haxan Films,United States
660,Ghoulardi Film Company,United States
661,Franchise Pictures,United States
662,MTV Films,United States
663,Bona Fide Productions,United States
664,Astralwerks,United States
665,Jack Giarraputo Productions,United States
666,Happy Madison Productions,United States
667,Dark Castle Entertainment,United States
668,Cheerleader LLC,United States
669,Crossroads Films,United States
670,Asymmetrical Productions,France
671,Pathé Pictures International,United Kingdom
672,ETIC Films,United Kingdom
673,Screen Gems,United States
674,Azoff Entertainment,United States
675,Mandeville Films,United States
676,Village Roadshow Pictures,United States
677,Mutual Film Company,United States
678,Canal+ Droits Audiovisuels,United States
679,David Brown Productions,United States
680,Baldwin/Cohen Productions,Canada
681,Crystal Sky Worldwide,United States
682,Dogstar Films,United States
683,Jim Henson Pictures,United States
684,Ambridge Film Partnership,Canada
685,Tribeca Productions,United States
686,Baumgarten-Prophet Entertainment,United States
687,3 Miles Apart Productions Ltd.,United States
688,Spyglass Entertainment,United States
689,Toho Pictures,Japan
690,4 Kids Entertainment,Japan
691,Destination Films,United States
692,Arts Council of England,United Kingdom
693,Medusa Film,Italy
694,Elysian Dreams,United States
695,7 Arts International,United Kingdom
696,Centurion,United States
697,Craven-Maddalena Films,United States
698,Bigel / Mailer Films,United States
699,Alcon Entertainment,United States
700,Play It Inc.,United States
701,Cradle Productions Inc.,United States
702,Flying Heart Films,United States
703,Newmarket Capital Group,United Kingdom
704,Cherry Alley Productions,United States
705,Evenstar Films,Canada
706,Marked Entertainment,United States
707,Am Psycho Productions,United States
708,Clipsal Films,United States
709,Figment Films,United States
710,Jerry Bruckheimer Films,United States
711,Aardman Animations,United States
712,Compulsion Inc.,United States
713,Asia Union Film & Entertainment Ltd.,Taiwan
714,Copperheart Entertainment,Canada
715,Altavista Films,Mexico
716,Zentropa Entertainments,Denmark
717,Lakeshore Entertainment,United States
718,Bel Air Entertainment,United States
719,Revelations Entertainment,France
720,Avery Pix,United States
721,Avrora Media,Germany
722,Cruella Productions,United States
723,MFF Feature Film Productions,United States
724,Lewitt / Eberts Productions,United States
725,Code Entertainment,United States
726,Seven Arts Pictures,United Kingdom
727,Hart Sharp Entertainment,United States
728,Chester Films Inc.,United States
729,Hammerhead Productions,United States
730,Branti Film Productions,United States
731,Open City Films,United States
732,Artic Productions LLC,United States
733,Légende Films,France
734,Saturn Films,United Kingdom
735,Gullane Pictures,United Kingdom
736,Haft Entertainment,United States
737,Punch 21 Productions,United States
738,Brant-Allen,United States
739,Cloud Ten Pictures,Canada
740,New Oz Productions,Australia
741,Portman Entertainment Group,United Kingdom
742,double A Films,United States
743,Myung Film Company Ltd.,South Korea
744,Cinerenta Medienbeteiligungs KG,United States
745,FX Sound,Argentina
746,Banner Entertainment,United States
747,Green/Renzi,United States
748,NPV Entertainment,United States
749,Animal Productions LLC,United States
750,Three Rivers Production,United Kingdom
751,Disney Television Animation,United States
752,Brillstein-Grey Entertainment,United States
753,7 Films Cinéma,France
754,Prufrock Pictures,United States
755,Saban Entertainment,United States
756,Les Films Alain Sarde,France
757,Tokuma Shoten,Japan
758,Pandora Cinema,United States
759,Revolution Studios,United States
760,Claudie Ossard Productions,France
761,Apostle,United States
762,Eureka Pictures,United States
763,USA Films,United States
764,Hollywood Licensing Group,United States
765,Lee Daniels Entertainment,United States
766,LivePlanet,United States
767,Cort/Madden Productions,United States
768,Bungalow Productions,Australia
769,Metropolitan Filmexport,France
770,Killer Films,United States
771,IMF Internationale Medien und Film GmbH & Co. 2. Produktions KG,United States
772,Konrad Pictures,United States
773,Winkler Films,United States
774,Omega Project,Japan
775,El Deseo,Spain
776,Star Overseas,Hong Kong
777,Chris Lee Productions,United States
778,Fuller Films,United States
779,Dharma Productions,India
780,FilmFour,United Kingdom
781,Chickie the Cop,United States
782,Lost Soul Productions,United States
783,i5 Films,United States
784,Alter Ego Entertainment,United States
785,Greisman Productions,United States
786,Blow Up Pictures,United States
787,3Mark Entertainment,United States
788,Ecosse Films,United Kingdom
789,R.P. Productions,United Kingdom
790,DNA Films,United Kingdom
791,Slough Pond,United States
792,Beverly Detroit,United States
793,Gold Circle Films,Canada
794,EuropaCorp,France
795,Myriad Pictures,Germany
796,Handprint Entertainment,Mexico
797,Edko Films,China
798,Quinta Communications,France
799,Tonic Films,United States
800,Fuzzy Bunny Films (I),United States
801,25th Hour Productions,United States
802,Media Asia Films,Hong Kong
803,Kingsgate Films,United States
804,Flan de Coco Films,United States
805,Muse Productions,United States
806,CJ Entertainment,South Korea
807,Cherry Sky Films,United States
808,98 MPH Productions,United States
809,Cheyenne Enterprises,United States
810,2 Loop Films,United States
811,Blue Train Productions,United States
812,FTM Productions,Germany
813,First Light Production,United Kingdom
814,Focus Features,United States
815,Silver Sphere Corporation,United States
816,Focus Puller Inc.,United States
817,Pioneer LDC,Japan
818,South Pacific Pictures,New Zealand
819,Rumbalara Films,Australia
820,Alphaville Films,United States
821,Blockbuster Films,United States
822,United Artists Film Corporation,United Kingdom
823,Odeon Films,Canada
824,"Morra, Brezner, Steinberg and Tenenbaum Entertainment (MBST)",United States
825,Epsilon Motion Pictures,United States
826,ApolloMedia Distribution,Germany
827,Castelao Producciones,United States
828,Material,United States
829,CineWild,United States
830,HBO Films,United States
831,Show East,South Korea
832,Summit Entertainment,Canada
833,C-2 Pictures,United States
834,Media 8 Entertainment,United States
835,Marvel Enterprises,United States
836,Wiseau-Films,United States
837,Spectacle Entertainment Group,United States
838,Lynda Obst Productions,United States
839,Angry Films,United States
840,Casual Friday Productions,United States
841,Plunge Pictures LLC,United States
842,Archer Street Productions,United Kingdom
843,Gray Daisy Films,United States
844,This Is That Productions,United States
845,Boll Kino Beteiligungs GmbH & Co. KG,Germany
846,"""DIA"" Productions GmbH & Co. KG",United States
847,SenArt Films,United States
848,900 Films,United States
849,ContentFilm,United States
850,Les Armateurs,France
851,Emperor Multimedia Group (EMG),Hong Kong
852,Mepris Films,United States
853,World of Wonder Productions,United States
854,Funny Boy Films,United States
855,Mandalay Pictures,Germany
856,19 Entertainment,United States
857,Icon Productions,United States
858,Cobalt Media Group,United States
859,Klasky-Csupo,United States
860,Eikon Film,Germany
861,Go Films,United States
862,Sony Pictures Classics,United States
863,Evolution Entertainment,United States
864,Forward Pass,United States
865,Buena Vista Home Entertainment,Japan
866,BenderSpink,United States
867,Bob Yari Productions,United States
868,Strike Entertainment,United States
869,Filmax Group,Spain
870,Endgame Entertainment,United States
871,Warner Independent Pictures (WIP),United States
872,ERBP,United States
873,Columbia Pictures Film Production Asia,Hong Kong
874,Camelot Pictures,United States
875,Rogue Pictures,United States
876,Jet Tone Production,Hong Kong
877,Grand Slam Productions,United States
878,Pop Pop Productions,Canada
879,2003 Productions,France
880,Whitewater Films,United States
881,Broken Lizard Industries,United States
882,Canal+ España,Spain
883,Kim Ki-Duk Film,South Korea
884,Working Title Films,United Kingdom
885,Nine Yards Two Productions,United States
886,Bazelevs Production,Russia
887,Movision,United Kingdom
888,Eulogy Productions LLC,United Kingdom
889,Shangri-La Entertainment,United States
890,Yash Raj Films,India
891,Deep River Productions,Ireland
892,True West Films,United Kingdom
893,Kang Je-Kyu Film Co. Ltd.,South Korea
894,Big Red Dog Productions,United States
895,Eden Rock Media,United States
896,Next Entertainment,United States
897,Rent Productions LLC,United States
898,Twentieth Century Fox Animation,United States
899,Twisted Pictures,Canada
900,Coach Carter,United States
901,Entertainment Manufacturing Company,France
902,Andrea Sperling Productions,United States
903,Bergman Lustig Productions,United States
904,John Wells Productions,United Kingdom
905,The Family Stone,United States
906,Samuel Goldwyn Films,United States
907,BET Pictures,United States
908,Room 9 Entertainment,United States
909,Di Bonaventura Pictures,United States
910,Fairway Films,United States
911,Cent Productions Inc.,United States
912,The Weinstein Company,United States
913,Milkshake Films,United States
914,UK Film Council,Australia
915,OLC / Rights Entertainment,New Zealand
916,Crunk Pictures,United States
917,Stratus Film Co.,Ireland
918,Serendipity Point Films,Canada
919,IFC Productions,United States
920,AITD Productions,Canada
921,Allan Zeman Productions,United Kingdom
922,Tag Entertainment,United States
923,IFC Films,United States
924,Belladonna Productions,United States
925,Crescent Drive Pictures,United States
926,El Camino Pictures,United States
927,Vanguard Films and Animation,United Kingdom
928,Prime Film Productions LLC,United States
929,Junebug Movie,United States
930,Bulbul Films,Norway
931,Estudios Picasso,Spain
932,Wiedemann & Berg Filmproduktion,Germany
933,DreamWorks,Germany
934,Red Hour Films,United States
935,Fu Works,Netherlands
936,Everyman Pictures,United States
937,Bull's Eye Entertainment,United States
938,Googly Films,United States
939,Paramount Classics,United States
940,Lionsgate,United States
941,THINKFilm,United States
942,Fox Atomic,United States
943,Victoires International,France
944,ArieScope Pictures,United States
945,WIP,China
946,Out of the Blue... Entertainment,United States
947,Film Partner International,Hong Kong
948,Electric Entertainment,United Kingdom
949,Yari Film Group Releasing,Germany
950,No Matter Pictures,United States
951,World Wrestling Entertainment (WWE),United States
952,Last Holiday Productions,United States
953,Sweet Tea Pictures LLC,United States
954,Hunting Lane Films,United States
955,C.O.R.E. Feature Animation,Canada
956,Pressman Film,United States
957,DEJ Productions,United States
958,Bold Films,United States
959,Millennium Films,Germany
960,Arc Productions,Canada
961,Film Science,United States
962,Hoot Productions LLC,United States
963,Paramount Vantage,United States
964,Walden Media,United States
965,Celluloid Dreams,United States
966,Karbo Vantas Entertainment,Spain
967,Samuels Media,United States
968,Haishang Films,Taiwan
969,Solana Films,United States
970,Capitol Films,United States
971,Apatow Productions,United States
972,Young Hannibal Productions,Czech Republic
973,Sidney Kimmel Entertainment,United States
974,Carsey-Werner Company,United States
975,Bórd Scannán na hÉireann,Ireland
976,Groundswell Productions,United States
977,Night and Day Pictures,United States
978,4Kids Entertainment,Hong Kong
979,Relativity Media,United States
980,Avi Arad & Associates,United States
981,HanWay Films,United Kingdom
982,Zazen Produções,Brazil
983,P2 Productions,United States
984,HDNet Films,United States
985,Ascendant Pictures,United States
986,2.4.7. Films,France
987,360 Pictures,United States
988,Mandate Pictures,United States
989,Captivity Productions,United States
990,Artfire Films,United States
991,CTB Film Company,Russia
992,2929 Productions,United States
993,Anonymous Content,United States
994,Rainforest Films,United States
995,Deerjen Films,United States
996,Intermedia,United States
997,Blue Askew,United States
998,FortyFour Studios,United States
999,Celador Films,United Kingdom
1000,Matten Productions,Germany
1001,Voltage Pictures,United States
1002,Wild Bunch,United States
1003,EFTI,Sweden
1004,Casey Silver Productions,United States
1005,Vertigo Films,United Kingdom
1006,Studio Ghibli,Japan
1007,Mosaic,United Kingdom
1008,Abandon Entertainment,United States
1009,Shocking Bottle,United States
1010,Blue Sky Studios,United States
1011,Picturehouse,United States
1012,Goodspeed Productions,United States
1013,Overture Films,United States
1014,Number 9 Films,United Kingdom
1015,Lucasfilm Animation,United States
1016,Broadway Video,United States
1017,Playtone,United States
1018,Pelican Productions LLC (I),United States
1019,Babylon,France
1020,Barunson E&A,South Korea
1021,Rifkin-Eberts,United States
1022,Senator Entertainment Co,United States
1023,Field Guide Films,United States
1024,Filmax International,United Kingdom
1025,Vivendi Entertainment,United States
1026,Yari Film Group (YFG),United States
1027,LightWave Entertainment,United States
1028,Ponty Up Pictures,Canada
1029,Bridgit Folman Film Gang,Israel
1030,Big City Pictures,United States
1031,Occupant Entertainment,United Kingdom
1032,Cohen Media Group,United States
1033,Berk/Lane Entertainment,United States
1034,Lago Film,United States
1035,Temple Hill Entertainment,United States
1036,The Halcyon Company,United States
1037,G-BASE,United States
1038,Pan Européenne,Belgium
1039,Fidélité Films,France
1040,Tornasol Films,Argentina
1041,Wayfare Entertainment,Ireland
1042,Yellow Bird,Sweden
1043,House Row Productions,United States
1044,Infinity Features Entertainment,United Kingdom
1045,Rogue,United States
1046,Ternion Pictures,United States
1047,LD Entertainment,United States
1048,Fade to Black Productions,United States
1049,Mod Producciones,Spain
1050,Echo Lake Entertainment,United States
1051,GK Films,United Kingdom
1052,Why Not Productions,France
1053,Curmudgeon Films,United States
1054,Lleju Productions,United States
1055,Magnolia Pictures,United States
1056,Jon Shestack Productions,United States
1057,X-Filme Creative Pool,Germany
1058,Stage 6 Films,United States
1059,It's a Laugh Productions,United States
1060,Blank of the Dead Productions,United States
1061,MPI Media Group,United States
1062,Imagi Animation Studios,Hong Kong
1063,26 Films,United States
1064,De Line Pictures,United States
1065,Pathé Renn Productions,United Kingdom
1066,Marv Films,United Kingdom
1067,CineSon Entertainment,United States
1068,Haut et Court,France
1069,Euforia Film,Norway
1070,Oscilloscope,United States
1071,Autonomous Films,United States
1072,CinemaNX,United Kingdom
1073,Hyde Park Entertainment,Canada
1074,Universal Pictures International (UPI),Spain
1075,Bronco Productions,United States
1076,Bill Kenwright Films,United Kingdom
1077,Two Prong Lesson,United States
1078,Filmax,Spain
1079,Protagonist Pictures,United Kingdom
1080,FilmDistrict,United States
1081,micro_scope,Canada
1082,Incentive Filmed Entertainment,United States
1083,Josephson Entertainment,United States
1084,Closest to the Hole Productions,United States
1085,Overnight Films,United States
1086,Color Force,United States
1087,Audiovisual Aval SGR,Spain
1088,Bad Robot,United States
1089,Exclusive Films,United States
1090,CBS Films,United States
1091,River Road Entertainment,United States
1092,Realitism Films,France
1093,Sedic International,Japan
1094,Magic Light Pictures,United Kingdom
1095,Olympus Pictures,United States
1096,Omega Entertainment,Switzerland
1097,Dune Entertainment III,United States
1098,Hero Entertainment,United Kingdom
1099,Glass Eye Pix,United States
1100,Herrick Entertainment,United States
1101,Mediapro,United States
1102,The American Film Company,United States
1103,Company Films,United States
1104,The Last Picture Company,United States
1105,Stacey Testro International,United States
1106,Aramid Entertainment Fund,Germany
1107,Annapurna Productions,United States
1108,Hydraulx,United States
1109,Carousel Productions (II),United States
1110,Asghar Farhadi Productions,Iran
1111,Cottonwood Pictures,United States
1112,Anchor Bay Films,United States
1113,Pt. Merantau Films,Indonesia
1114,Before The Door Pictures,United States
1115,Snoot Entertainment,United States
1116,Blueprint Pictures,United Kingdom
1117,Open Road Films (II),United States
1118,Omnilab Media,United Kingdom
1119,Cliffjack Motion Pictures,United States
1120,Enticing Entertainment,United States
1121,Studio 37,France
1122,Carver Films,Australia
1123,SBS Productions,France
1124,Reprisal Films,Ireland
1125,Corsan,Belgium
1126,Artists Public Domain,United States
1127,Mandalay Vision,United States
1128,Elle Driver,United States
1129,Preferred Content,United States
1130,Skyscraper Films,United States
1131,Semtex Films,United Kingdom
1132,Big Beach Films,United States
1133,NVSH Productions,United States
1134,DJ Films,United Kingdom
1135,Ada Films,United States
1136,Beijing New Picture Film,China
1137,Atlas Productions,United States
1138,Eros Worldwide,India
1139,Marvel Studios,United States
1140,Brownstone Productions (II),United States
1141,Danmarks Radio (DR),Denmark
1142,Indian Paintbrush,United States
1143,Mediaset España,Spain
1144,Cloud Atlas Productions,United States
1145,Roth Films,United States
1146,Plan B Entertainment,United States
1147,Overbrook Entertainment,United States
1148,Iron Horse Entertainment (II),United States
1149,Abraham Productions,United States
1150,Total Recall,United States
1151,Green Hat Films,United States
1152,Constantin Film International,Germany
1153,Exclusive Media Group,United States
1154,Bleiberg Entertainment,United States
1155,La Petite Reine,France
1156,Bad Cop Bad Cop Film Productions,United States
1157,MK2 Productions,France
1158,IM Global,United States
1159,Double Feature Films,United States
1160,Milk & Media,United States
1161,Enderby Entertainment,United States
1162,Alliance,United States
1163,Ghost House Pictures,United States
1164,Atlantic Pictures (II),United States
1165,Block / Hanson,United States
1166,Les Films du Losange,Austria
1167,Arcade Pictures,United States
1168,Alfama Films,Canada
1169,Also Known As Pictures,United States
1170,Foresight Unlimited,United States
1171,Cinereach,United States
1172,Gary Sanchez Productions,United States
1173,Emmett/Furla/Oasis Films (EFO Films),United States
1174,Intrepid Pictures,United States
1175,BCDF Pictures,United States
1176,Headline Pictures,United Kingdom
1177,Eclectic Pictures,United States
1178,Upside Down Films,Canada
1179,Monsterfoot Productions,United States
1180,Chase Films,United States
1181,Aamir Khan Productions,India
1182,Lucky Monkey Pictures,United States
1183,Blue Yonder Films,United States
1184,AdScott Pictures,United States
1185,Red Crown Productions,United States
1186,Insurge Pictures,United States
1187,Cocktail Film,United Kingdom
1188,Dog Run Pictures,United States
1189,Red Granite Pictures,United States
1190,Translux,United Kingdom
1191,Film4,United Kingdom
1192,Annapurna Pictures,United States
1193,SnowPiercer,South Korea
1194,Worldview Entertainment,United States
1195,Aggregate Films,United States
1196,Truth Entertainment (II),United States
1197,Sycamore Pictures,United States
1198,Film 44,United States
1199,Good Universe,United States
1200,Appian Way,United Kingdom
1201,Bellanova Films,United States
1202,Riddick Canada Productions,Canada
1203,Bluegrass Films,United States
1204,AR Films,United States
1205,Gravier Productions,United States
1206,Faliro House Productions,United States
1207,Chockstone Pictures,United States
1208,No Trace Camping,Canada
1209,Follow Through Productions,United States
1210,Space Rocket Nation,Denmark
1211,Trésor Films,France
1212,Andrew Lauren Productions,United States
1213,Steel Mill Pictures,United Kingdom
1214,Max Films Productions,Canada
1215,Abbolita Productions,United States
1216,Callahan Filmworks,United States
1217,Prana Studios,United States
1218,The Lab of Madness,United States
1219,Alliance Films,United States
1220,Pathé,United Kingdom
1221,Roadside Attractions,United States
1222,The Safran Company,Spain
1223,Two Ton Films,United States
1224,Forest Whitaker's Significant Productions,United States
1225,Dickhouse Productions,United States
1226,Prettybird,United States
1227,Open Road Films,United States
1228,erbp,United States
1229,Memento Films Production,France
1230,China Film Group Corporation (CFGC),United States
1231,Dune Entertainment,United Kingdom
1232,Sikhya Entertainment,India
1233,After Dark Films,United States
1234,Marvel Entertainment,United States
1235,A24,United Kingdom
1236,Aldamisa Entertainment,United States
1237,Unison Films,New Zealand
1238,Black Bear Pictures,United Kingdom
1239,Screen Australia,Australia
1240,Northern Lights Films,United States
1241,Gulfstream Pictures,United States
1242,Marcy Media,United States
1243,Tonik Productions,United States
1244,Jolie Pas,United States
1245,BBL Motion Picture Studios,United States
1246,SModcast Pictures,Canada
1247,Legendary Entertainment,United States
1248,Big Screen Productions,United States
1249,Kramer & Sigman Films,Argentina
1250,Bob Industries,United States
1251,Chernin Entertainment,United States
1252,Fewlas Entertainment,United States
1253,1984 Private Defense Contractors,United States
1254,Beijing Skywheel Entertainment Co.,United States
1255,21 Laps Entertainment,United States
1256,Broken Road Productions,United States
1257,Reel FX Creative Studios,United States
1258,Verisimilitude,United States
1259,Scott Free Productions,United Kingdom
1260,Treehouse Pictures,United States
1261,Genre Films,United States
1262,Cross Creek Pictures,United States
1263,Automatik Entertainment,United States
1264,Black Entertainment Television (BET),United States
1265,Prospero Pictures,Canada
1266,Lutzus-Brown,United States
1267,Codeblack Entertainment,United States
1268,Fear of God Films,Australia
1269,Warner Bros. Digital Distribution,United States
1270,RADiUS-TWC,United States
1271,Four Seasons Partnership,United States
1272,ASIG Productions,United States
1273,Baby Way Productions,United States
1274,Cinelou Films,United States
1275,Hopscotch Features,United States
1276,Gail Katz Productions,United States
1277,Stoney Lake Entertainment,United States
1278,Pure Flix Productions,United States
1279,Bullwinkle Studios,United States
1280,RatPac-Dune Entertainment,United States
1281,Wildgaze Films,United Kingdom
1282,Porchlight Films,Australia
1283,WhiteFlame Productions,United States
1284,Rook Films,United Kingdom
1285,Ruby Films,United Kingdom
1286,IAC Films,United States
1287,LStar Capital,United States
1288,Disneytoon Studios,United States
1289,Broad Green Pictures,United States
1290,BlackWhite,United States
1291,Double Dare You (DDY),Canada
1292,Visiona Romantica,United States
1293,Parts and Labor,Canada
1294,Element Pictures,Canada
1295,Participant,United States
1296,PalmStar Media,United States
1297,Allison Shearmur Productions,United States
1298,B24,United Kingdom
1299,Duplass Brothers Productions,United States
1300,Waverly Films,United States
1301,Blinding Edge Pictures,United States
1302,BRON Studios,United States
1303,Illumination Entertainment,United States
1304,Escape Artists,Hong Kong
1305,Gotham Group,United States
1306,Blumhouse Productions,United States
1307,Black Label Media,United States
1308,See-Saw Films,United Kingdom
1309,Amasia Entertainment,United States
1310,Bleecker Street Films,United States
1311,Sony Pictures Animation,United States
1312,Arka Mediaworks,India
1313,Little Stranger,United States
1314,Paramount Animation,United States
1315,Caviar,United States
1316,Sony Pictures Entertainment (SPE),United States
1317,Route One Entertainment,United States
1318,Entertainment One,United States
1319,Origin Pictures,United Kingdom
1320,Hurwitz Creative,United Kingdom
1321,Raindog Films,United Kingdom
1322,Depth of Field,United States
1323,MWM Studios,United Kingdom
1324,Silver Reel,Iceland
1325,Freedom Media,United States
1326,i am OTHER,United States
1327,Astute Films,United States
1328,Mayhem Pictures,United States
1329,Covert Media,United States
1330,Bloom,United States
1331,Onyx Films,France
1332,Motlys,Norway
1333,Audax Films,United States
1334,Allspark Pictures,United States
1335,BN Films,United States
1336,Fortis Films,United States
1337,Big Indie Pictures,United States
1338,FaithStep Films,United States
1339,Sparkle Roll Media,China
1340,Lava Bear Films,United States
1341,Electric City Entertainment,United States
1342,Dentsu,United States
1343,Heyday Films,United Kingdom
1344,Amazon Studios,United States
1345,BZ Entertainment,United States
1346,SharpSword Films,United States
1347,Pyramania,United States
1348,Fairview Entertainment,United Kingdom
1349,Keep Your Head,United States
1350,Hidden Empire Film Group (HEFG),United States
1351,Human Stew Factory,United States
1352,Flashlight Films,United States
1353,Burk A Project,United States
1354,George Films,United Kingdom
1355,Gracie Films,United States
1356,K5 International,France
1357,Astrakan Films,United States
1358,Legendary East,United States
1359,STX Entertainment,United States
1360,Blue Sky Films,United Kingdom
1361,Greater Productions,United States
1362,Panorama Films,United States
1363,Toy Fight Productions,Canada
1364,Bow and Arrow Entertainment,United Kingdom
1365,Artists First,United States
1366,Quad Productions,France
1367,2DUX²,United States
1368,AI-Film,United States
1369,Fermion Films,United States
1370,Bona Film Group,United Kingdom
1371,CG Cinéma,France
1372,Verdi Productions,United States
1373,Fuego Films,Panama
1374,Summit Premiere,China
1375,Forecast Pictures,Canada
1376,Black Bicycle Entertainment,United States
1377,Syncopy,United Kingdom
1378,Braven Films,Ireland
1379,Acacia Filmed Entertainment,United Kingdom
1380,Fingerprint Releasing,United States
1381,Elara Pictures,United States
1382,"Grisbi Productions, Le",United States
1383,Brownstone Entertainment (II),United States
1384,Cre Film,United States
1385,Dayday Films,United States
1386,1978 Films,United Arab Emirates
1387,Paulilu Productions,United States
1388,Primate Pictures,United States
1389,Animal Logic,United States
1390,B Story,United States
1391,thefyzz,United Kingdom
1392,Alloy Entertainment,United States
1393,Sailor Bear,United States
1394,Imperative Entertainment,United States
1395,Animal Kingdom,United States
1396,Awesomeness Films,United States
1397,Perfect World Pictures,United States
1398,Los Angeles Media Fund (LAMF),United States
1399,Artbees,United Kingdom
1400,Houston King Productions,United States
1401,Cloud Eight Films,United Kingdom
1402,Double Nickel Entertainment,United States
1403,Macari/Edelstein,United States
1404,Scion Films,Czech Republic
1405,Pantelion Films,Mexico
1406,Disruption Entertainment,United States
1407,3311 Productions,United States
1408,Salon Pictures,United Kingdom
1409,Diagonal TV,United Kingdom
1410,Huayi Brothers Media,United States
1411,Chestnut Ridge Productions,United States
1412,Avi Arad Productions,China
1413,LBI Productions,United States
1414,Boies / Schiller Film Group,United States
1415,Vendian Entertainment,United States
1416,STX Films,United States
1417,Warner Bros. Pictures,United States
1418,Cave 76,United States
1419,Frenesy Film Company,Italy
1420,SpectreVision,United Kingdom
1421,Atomic Monster,United States
1422,Access Entertainment,United States
1423,Goddard Textiles,United States
1424,Hunter Killer Productions,United Kingdom
1425,Mooz Films,Lebanon
1426,Huayi Brothers,Hong Kong
1427,Lucamar Productions,United States
1428,Hasbro,China
1429,Goalpost Pictures,United States
1430,Media Rights Capital (MRC),United States
1431,FilmNation Entertainment,United States
1432,Point Grey Pictures,United States
1433,Aviron Pictures,United States
1434,Likely Story,Canada
1435,Huayi Brothers Pictures,China
1436,The Ink Factory,United Kingdom
1437,Apartment Story,United States
1438,Studio 8,United States
1439,Armory Films,Iceland
1440,Legend3D,United States
1441,Matchbox Pictures,India
1442,ShivHans Pictures,United States
1443,Archer Gray,United States
1444,Alibaba Pictures,United States
1445,Hartbeat Productions,United States
1446,Warner Animation Group,United States
1447,Votiv Films,United States
1448,Lyla Films,Canada
1449,Kevin Downes Productions,United States
1450,Toei Company,Japan
1451,BET Films,United States
1452,Decibel Films,United Kingdom
1453,Chris Morgan Productions,United States
1454,CalMaple,United States
1455,TSG Entertainment,New Zealand
1456,Monkeypaw Productions,United States
1457,Skydance Media,China
1458,Paramount Players,United States
1459,Buena Vista International,United States
1460,2.0 Entertainment,United States
1461,Millennium Media,United States
1462,Blue Budgie Films Limited,United Kingdom
1463,Entertainment Studios Motion Pictures,United Kingdom
1464,"""Weathering With You"" Film Partners",Japan
1465,Mimran Schur Pictures,United States
1466,Iconoclast,Switzerland
1467,GoldDay,United States
1468,Canana Films,Mexico
1469,Aurora Alliance Films,Thailand
1470,Beijing Dengfeng International Culture Communications Company,China
1471,Big Talk Productions,United Kingdom
1472,Affirm Films,United States
1473,The Tyler Perry Company,United States
1474,Atlantic Records,United States
1475,Unplanned Movie,United States
1476,Emphatic Films,United States
1477,Growing Tree Productions,
1478,Hicktown Entertainment,United States
1479,Clubhouse Pictures (II),United States
1480,20th Century Studios,Canada
1481,Beijing Diqi Yinxiang Entertainment,China
