did,director
1,Stanley Kubrick
2,Randal Kleiser
3,Irvin Kershner
4,Jim Abrahams
5,Harold Ramis
6,Sean S. Cunningham
7,John Landis
8,Martin Scorsese
9,Richard Lester
10,Walter Hill
11,Buddy Van Horn
12,Jamie Uys
13,Robert Altman
14,Robert Redford
15,Brian De Palma
16,Jeannot Szwarc
17,Colin Higgins
18,John Carpenter
19,William Friedkin
20,Michael Cimino
21,Don Taylor
22,Robert Greenwald
23,Stuart Rosenberg
24,Paul Schrader
25,Lamont Johnson
26,Howard Zieff
27,Floyd Mutrux
28,Kevin Connor
29,Richard Rush
30,Michael Ritchie
31,Clive Donner
32,Woody Allen
33,Jonathan Demme
34,Clint Eastwood
35,James Goldstone
36,Joe Camp
37,Eric Karson
38,Charles Jarrott
39,Paul Mazursky
40,John Huston
41,Steven Spielberg
42,Sam Raimi
43,Bob Clark
44,Desmond Davis
45,John Boorman
46,George Miller
47,Ivan Reitman
48,Hal Needham
49,Michael Mann
50,Terry Gilliam
51,Steve Miner
52,John Glen
53,Rick Rosenthal
54,Harold Becker
55,Warren Beatty
56,Directors
57,Hugh Hudson
58,Sydney Pollack
59,John Derek
60,Steve Gordon
61,Mel Brooks
62,Joe Dante
63,Matthew Robbins
64,Ivan Passer
65,Jean-Jacques Annaud
66,Graham Baker
67,Frank Perry
68,Alan Myerson
69,Bob Rafelson
70,Wes Craven
71,Peter Yates
72,Peter Hyams
73,Blake Edwards
74,Lucio Fulci
75,Francis Ford Coppola
76,Ulu Grosbard
77,Bruce Malmuth
78,John G. Avildsen
79,Michael Wadleigh
80,Sidney Lumet
81,Ken Wiederhorn
82,Steve Rash
83,Michael Schultz
84,Ken Shapiro
85,Herbert Ross
86,William A. Fraker
87,Franklin J. Schaffner
88,Luis Valdez
89,Billy Wilder
90,Oz Scott
91,Allan Arkush
92,Gus Trikonis
93,John Badham
94,Terence Young
95,Jean-Claude Tramont
96,Roger Spottiswoode
97,Alan J. Pakula
98,John Schlesinger
99,Noel Nosseck
100,Amy Heckerling
101,Ridley Scott
102,John Milius
103,Ted Kotcheff
104,Taylor Hackford
105,Patricia Birch
106,Tobe Hooper
107,Nicholas Meyer
108,Richard Attenborough
109,Steven Lisberger
110,Don Bluth
111,Sylvester Stallone
112,Don Coscarelli
113,George A. Romero
114,Alan Parker
115,Ingmar Bergman
116,Tommy Lee Wallace
117,Jim Henson
118,Juan Piquer Simón
119,George Roy Hill
120,Barry Levinson
121,Peter Weir
122,Jules Bass
123,Sidney J. Furie
124,Ken Finkleman
125,Richard Donner
126,Mark Rosman
127,Guy Hamilton
128,Michael Winner
129,Michael Miller
130,Robert Towne
131,Carl Reiner
132,Damiano Damiani
133,Costa-Gavras
134,David S. Ward
135,Robert Benton
136,Charles Band
137,Ian Sharp
138,Tony Richardson
139,Norman Jewison
140,Hal Ashby
141,Fred Schepisi
142,James Glickenhaus
143,Richard Brooks
144,Jerry Belson
145,James Fargo
146,Delbert Mann
147,Thomas K. Avildsen
148,Don Siegel
149,Fred Zinnemann
150,James Burrows
151,Richard Marquand
152,Paul Brickman
153,Lawrence Kasdan
154,Joe Alves
155,Adrian Lyne
156,Philip Kaufman
157,David Cronenberg
158,Noel Black
159,Martha Coolidge
160,James L. Brooks
161,Lewis Teague
162,Jim McBride
163,Richard Franklin
164,Mike Nichols
165,Michael Chapman
166,Barbra Streisand
167,Ralph Bakshi
168,Mel Damski
169,Terry Jones
170,James Sbardellati
171,Jack Clayton
172,Bob Fosse
173,Michael Apted
174,Steve Carver
175,Curtis Hanson
176,Rafal Zielinski
177,Douglas Trumbull
178,Robert Vincent O'Neil
179,J. Lee Thompson
180,Howard Avedis
181,Andrew V. McLaglen
182,John Herzfeld
183,Paul Nicholas
184,Brian G. Hutton
185,Clive Smith
186,Luigi Cozzi
187,Richard Fleischer
188,Sam Peckinpah
189,Sam Firstenberg
190,Alan Johnson
191,George P. Cosmatos
192,Joel Schumacher
193,John Mackenzie
194,Peter Sasdy
195,Joseph Sargent
196,Jeff Kanew
197,John Sayles
198,Amy Holden Jones
199,Ferdinand Fairfax
200,William Olsen
201,Marshall Brickman
202,Donald Shebib
203,Michael Tuchner
204,Charles Burnett
205,James Cameron
206,David Lynch
207,Sergio Leone
208,Hugh Wilson
209,Milos Forman
210,Martin Brest
211,Wolfgang Petersen
212,Robert Zemeckis
213,John Hughes
214,Rob Reiner
215,Fritz Kiersch
216,Nick Castle
217,Ron Howard
218,Joel Coen
219,Neal Israel
220,Hayao Miyazaki
221,Joseph Zito
222,Roger Donaldson
223,Mark L. Lester
224,Douglas Cheek
225,Gene Wilder
226,Leonard Nimoy
227,Alex Cox
228,Roland Joffé
229,Thom Eberhardt
230,Stewart Raffill
231,Jim Jarmusch
232,David Lean
233,Albert Magnoli
234,John Guillermin
235,Neil Jordan
236,Richard Benjamin
237,Charles E. Sellier Jr.
238,Stan Lathan
239,John Byrum
240,Arthur Hiller
241,Mark Rydell
242,Charles Shyer
243,William Tannen
244,Paul Bartel
245,Douglas Day Stewart
246,Willard Huyck
247,Alan Rudolph
248,Gillian Armstrong
249,Peter Webb
250,Louis Malle
251,James Bridges
252,Adam Brooks
253,Jonathan Lynn
254,Peter Bogdanovich
255,Dan O'Bannon
256,Akira Kurosawa
257,James Ivory
258,Tom Holland
259,Jack Sholder
260,Tim Burton
261,Jerry Paris
262,Ted Berman
263,Danny Steinmann
264,Andrey Konchalovskiy
265,Stuart Gordon
266,Susan Seidelman
267,Howard Storm
268,Daniel Attias
269,Joyce Chopra
270,James Komack
271,Geoff Murphy
272,Martin Ritt
273,Kevin Reynolds
274,Rudy De Luca
275,Donna Deitch
276,Stan Dragoti
277,Andrew Davis
278,Burt Reynolds
279,Franc Roddam
280,Bruce Beresford
281,Lance Hool
282,Phillip Borsos
283,Steven Hahn
284,Arna Selznick
285,Bud Yorkin
286,Joel Silberg
287,Tony Scott
288,Peter Faiman
289,Russell Mulcahy
290,Howard Deutch
291,Oliver Stone
292,Frank Oz
293,Tim Hunter
294,Menahem Golan
295,Mike Marvin
296,David Anspaugh
297,Stephen King
298,David Seltzer
299,Tom McLoughlin
300,Alan Metter
301,Edward Zwick
302,Stephen Herek
303,John McNaughton
304,Fred Dekker
305,Robert Harmon
306,Harry Winer
307,John Irvin
308,Nelson Shin
309,John Carl Buechler
310,James Foley
311,Spike Lee
312,Brian Gibson
313,Gary Nelson
314,Randa Haines
315,Fred Walton
316,Roman Polanski
317,Richard Pearce
318,Trevor Nunn
319,Robert Mandel
320,Paul Michael Glaser
321,Richard Wenk
322,Kevin Tenney
323,Richard Pryor
324,Dick Richards
325,Jim Goddard
326,Gene Saks
327,Jack Fisk
328,Daryl Duke
329,Michelle Manning
330,Zoran Perisic
331,Renny Harlin
332,Jerrold Freedman
333,John McTiernan
334,Paul Verhoeven
335,Emile Ardolino
336,Chris Columbus
337,Kathryn Bigelow
338,Michael Gottlieb
339,Gary Goddard
340,Chuck Russell
341,Garry Marshall
342,William Dear
343,Michael Gornick
344,Tom Mankiewicz
345,Danny DeVito
346,Christopher Leitch
347,John R. Cherry III
348,Barbet Schroeder
349,Peter Werner
350,Elaine May
351,Norman Mailer
352,Rod Amateau
353,Jonathan Kaplan
354,Phil Joanou
355,Ruggero Deodato
356,Peter R. Hunt
357,James Toback
358,Hector Babenco
359,Bob Giraldi
360,Rod Daniel
361,Jerry Schatzberg
362,Christopher Cain
363,Mike Hodges
364,Wayne Wang
365,Tom Daley
366,Paul Weiland
367,Michael Radford
368,Robert Townsend
369,Harley Cokeliss
370,Tony Bill
371,Roger Young
372,Phil Alden Robinson
373,Bill Condon
374,Penny Marshall
375,John Cornell
376,Michael Lehmann
377,Donald Petrie
378,Giuseppe Tornatore
379,David Zucker
380,Charles Crichton
381,Newt Arnold
382,Peter MacDonald
383,Stephen Frears
384,Julien Temple
385,John Waters
386,Ron Shelton
387,George Scribner
388,Dwight H. Little
389,James Signorelli
390,Keenen Ivory Wayans
391,Stan Winston
392,Greg Beeman
393,Tony Randel
394,Dennis Hopper
395,Ken Russell
396,Robert Bierman
397,Ken Annakin
398,William Lustig
399,Pedro Almodóvar
400,Zelda Barron
401,Daniel Petrie
402,Gary Sherman
403,Anthony Hickox
404,Bud S. Smith
405,Kenneth Johnson
406,Bob Swaim
407,Craig R. Baxley
408,Frank LaLoggia
409,Steve De Jarnatt
410,Mick Garris
411,Mark Goldblatt
412,Ken Kwapis
413,Ernest Thompson
414,Henry Winkler
415,Andrew Fleming
416,James B. Harris
417,Paul Golding
418,Mike Figgis
419,Joan Micklin Silver
420,Pen Densham
421,Janet Greek
422,Marisa Silver
423,Nicolas Roeg
424,Christopher Crowe
425,Bill Fishman
426,Martin Donovan
427,Rowdy Herrington
428,Ron Clements
429,Joe Johnston
430,Steven Soderbergh
431,Mary Lambert
432,Jeremiah S. Chechik
433,Eddie Murphy
434,John Flynn
435,Todd Holland
436,Jay Levey
437,William Shatner
438,Albert Pyun
439,Robert Radler
440,Phillip Noyce
441,Mark DiSalle
442,Gus Van Sant
443,Stephen Hopkins
444,Dominique Othenin-Girard
445,Kenneth Branagh
446,Rob Hedden
447,Michael Caton-Jones
448,Steve Kloves
449,Graeme Clifford
450,Philippe Mora
451,Joe Pytka
452,John Dahl
453,Masami Hata
454,Jim Wynorski
455,Peter Bonerz
456,Francis Veber
457,Thomas J. Wright
458,Jeff Burr
459,Christopher Guest
460,Bob Balaban
461,Gary David Goldberg
462,Jim Drake
463,Norman René
464,Euzhan Palcy
465,James Isaac
466,Michael Herz
467,John Frankenheimer
468,Richard Baskin
469,Jim Wheat
470,Michael Crichton
471,Robert Ellis Miller
472,Savage Steve Holland
473,Luis Puenzo
474,Jeff Blyth
475,David Greenwalt
476,Howard Brookner
477,Bill Forsyth
478,Jerry Zucker
479,Kevin Costner
480,Ron Underwood
481,Steve Barron
482,Frank Marshall
483,Abel Ferrara
484,John Lafia
485,John Patrick Shanley
486,Richard Linklater
487,Simon Wincer
488,Clive Barker
489,Jack Nicholson
490,Sheldon Lettich
491,Dennis Dugan
492,Hendel Butoy
493,Reginald Hudlin
494,Tom Savini
495,Frank Henenlotter
496,Sally Mattison
497,Deran Sarafian
498,Howard Franklin
499,Richard Stanley
500,James Orr
501,Andrew Bergman
502,Ralph S. Singleton
503,Bernardo Bertolucci
504,John Harrison
505,Whit Stillman
506,Karel Reisz
507,David Green
508,Robert Resnikoff
509,Martin Sheen
510,Adam Simon
511,Dario Argento
512,Hal Hartley
513,Jan Egleson
514,Malcolm Mowbray
515,Roger Corman
516,Patrick Read Johnson
517,Tibor Takács
518,Prince
519,Jon Amiel
520,Sondra Locke
521,John Singleton
522,Barry Sonnenfeld
523,Alfonso Cuarón
524,Gary Trousdale
525,Jon Avnet
526,Peter Hewitt
527,Joseph Ruben
528,William A. Graham
529,Ate de Jong
530,Dan Aykroyd
531,Michael Pressman
532,Mario Van Peebles
533,Daniel Petrie Jr.
534,Jack Bender
535,Rachel Talalay
536,Leos Carax
537,Brian Levant
538,Lili Fini Zanuck
539,Sean Penn
540,Michael Hoffman
541,David Kellogg
542,Wim Wenders
543,Michael Karbelnikoff
544,Jodie Foster
545,Bobcat Goldthwait
546,Tom DiCillo
547,Jonathan Wacks
548,Jerry Rees
549,Todd Haynes
550,George Jackson
551,Simon Moore
552,József Gémes
553,Nadia Tass
554,Maurice Phillips
555,Sylvio Tabet
556,Duncan Gibbins
557,Bill Duke
558,James Dearden
559,Eric Red
560,Heywood Gould
561,Lasse Hallström
562,Geoff Burrowes
563,Radha Bharadwaj
564,W.D. Richter
565,Quentin Tarantino
566,Bernard Rose
567,Mick Jackson
568,David Fincher
569,Penelope Spheeris
570,Roland Emmerich
571,Fran Rubel Kuzui
572,Kenny Ortega
573,Peter Jackson
574,Katt Shea
575,Brett Leonard
576,Les Mayfield
577,Edward James Olmos
578,Robert Rodriguez
579,Bill Kroyer
580,Ernest R. Dickerson
581,Jon Turteltaub
582,Uli Edel
583,Kevin Hooks
584,David Price
585,Sally Potter
586,Tony Maylam
587,Phil Roman
588,Eugene Levy
589,Stanley Tong
590,Bruce Robinson
591,Alfonso Arau
592,Randall Miller
593,Bruce A. Evans
594,Carroll Ballard
595,Stephen Milburn Anderson
596,Brian Henson
597,Chris Menges
598,Stephen Gyllenhaal
599,Carl Schenkel
600,Keith Gordon
601,Marc Rocco
602,Martin Bell
603,Arne Glimcher
604,Billy Crystal
605,Ringo Lam
606,Gregg Araki
607,Tamra Davis
608,Irwin Winkler
609,Neal Jimenez
610,Allan Moyle
611,Robert De Niro
612,Marco Brambilla
613,Annabel Jankel
614,Nora Ephron
615,Jane Campion
616,Henry Selick
617,Daniel Stern
618,Jim Sheridan
619,Albert Hughes
620,Ron Maxwell
621,Agnieszka Holland
622,John Woo
623,Robert Lieberman
624,Dominic Sena
625,Thomas Schlamme
626,Alan Shapiro
627,Gene Quintano
628,Mark Jones
629,Brian Yuzna
630,Steven Zaillian
631,Adam Marcus
632,Roger Avary
633,Guillermo del Toro
634,Stephen Surjik
635,Peter Medak
636,Stuart Gillard
637,Rob Bowman
638,Bille August
639,Rob Cohen
640,Tom Stern
641,Victor Nunez
642,Kaige Chen
643,Emir Kusturica
644,Robert Klane
645,Stephen Sommers
646,Bruce Joel Rubin
647,Tom Ropelewski
648,John Whitesell
649,Mike Binder
650,Charles Grosvenor
651,Richard Williams
652,Woo-Ping Yuen
653,Christopher Coppola
654,Ang Lee
655,Patrick Hasburgh
656,Leon Ichaso
657,Anthony Minghella
658,Ramón Menéndez
659,Michael Steinberg
660,Yves Simoneau
661,Stephen Cornwell
662,Rusty Cundieff
663,Billy Weber
664,Warren Leight
665,Frank Darabont
666,Roger Allers
667,Jan de Bont
668,Peter Farrelly
669,Alex Proyas
670,Mike Newell
671,Tom Shadyac
672,Steven E. de Souza
673,Kevin Smith
674,Duwayne Dunham
675,David Carson
676,Ben Stiller
677,Peter Segal
678,Kim Henkel
679,P.J. Hogan
680,John Pasquin
681,Luis Llosa
682,Pixote Hunt
683,Danny Boyle
684,Jeremy Leven
685,Paul Flaherty
686,James Yukich
687,Hart Bochner
688,Nicholas Hytner
689,Jeff Pollack
690,Steven Seagal
691,David O. Russell
692,Chia-Liang Liu
693,Richard Rich
694,Doug McHenry
695,Gregg Champion
696,Martin Campbell
697,Andrew Morahan
698,Michele Soavi
699,Adam Resnick
700,Allan A. Goldstein
701,Ted Demme
702,Charles T. Kanganis
703,John Bailey
704,James Gray
705,Boaz Yakin
706,Rodman Flender
707,Glenn Gordon Caron
708,George Huang
709,Milcho Manchevski
710,Nikita Mikhalkov
711,Mel Smith
712,Xavier Koller
713,Mel Gibson
714,Bryan Singer
715,Larry Clark
716,John Lasseter
717,Paul W.S. Anderson
718,F. Gary Gray
719,Scott Kalvert
720,Michael Bay
721,Bryan Spicer
722,Iain Softley
723,Brad Silberling
724,Mike Gabriel
725,Kevin Lima
726,John N. Smith
727,Chris Noonan
728,Tim Robbins
729,Betty Thomas
730,Robert Longo
731,Danny Cannon
732,Marc Caro
733,Victor Salva
734,Gregory Widen
735,Steve Oedekerk
736,Holly Goldberg Sloan
737,Joe Chappelle
738,Melanie Mayron
739,Forest Whitaker
740,Todd Solondz
741,Carl Franklin
742,Jocelyn Moorhouse
743,Andrew Sipes
744,Gary Fleder
745,Michael Moore
746,Christian Duguay
747,Oliver Parker
748,Philip Haas
749,J.F. Lawton
750,Gregory Nava
751,Edward Burns
752,Christopher Monger
753,Paul Auster
754,Daisy von Scherler Mayer
755,Carlo Carlei
756,Damian Harris
757,Jafar Panahi
758,Desmond Nakano
759,Peter Hall
760,Aaron Norris
761,Maria Maggenti
762,Nick Gomez
763,Preston A. Whitmore II
764,Baz Luhrmann
765,Cameron Crowe
766,Gregory Hoblit
767,Wes Anderson
768,Lana Wachowski
769,Billy Bob Thornton
770,Tom Hanks
771,Bobby Farrelly
772,Jonathan Frakes
773,Doug Liman
774,Paris Barclay
775,Paul Thomas Anderson
776,Campbell Scott
777,Stuart Baird
778,Jason Bloom
779,Douglas McGrath
780,Mira Nair
781,Mike Leigh
782,David Twohy
783,David Hogan
784,Steve Buscemi
785,Matthew Bright
786,Lee Tamahori
787,Scott Hicks
788,Bronwen Hughes
789,Gilbert Adler
790,Rick Friedberg
791,Jerry Zaks
792,Arlene Sanford
793,Tim Pope
794,Julian Schnabel
795,Jean-Claude Van Damme
796,Director
797,Lisa Krueger
798,Michael Winterbottom
799,Larry Bishop
800,John Gray
801,John Payson
802,Eric Schaeffer
803,Alexander Payne
804,Martin Lawrence
805,Dan Ireland
806,Matt Reeves
807,Farhad Mann
808,Reb Braddock
809,Fraser C. Heston
810,Allison Anders
811,Bill Couturié
812,Luc Besson
813,Jay Roach
814,Simon West
815,Roberto Benigni
816,Raja Gosnell
817,Andrew Niccol
818,Jim Gillespie
819,Jean-Pierre Jeunet
820,Sam Weisman
821,Andy Tennant
822,Brian Robbins
823,Peter Cattaneo
824,Mark A.Z. Dippé
825,James Mangold
826,Harmony Korine
827,Brian Gilbert
828,Jonathan Mostow
829,Stephen Kessler
830,George Armitage
831,John R. Leonetti
832,Bob Spiers
833,Kar-Wai Wong
834,Mimi Leder
835,Gore Verbinski
836,Trey Parker
837,George Tillman Jr.
838,Majid Majidi
839,Hark Tsui
840,Anthony Waller
841,Robert Kurtzman
842,Brett Ratner
843,Jeb Stuart
844,Kasi Lemmons
845,Félix Enríquez Alcalá
846,Charles Martin Smith
847,Don Roos
848,Shuki Levy
849,Thomas Carter
850,Theodore Witcher
851,Peter O'Fallon
852,Mark Pavia
853,John Nicolella
854,David Mamet
855,Paul Miller
856,Ronny Yu
857,Robert Duvall
858,Steve James
859,Mark Dindal
860,Robert Butler
861,John Duigan
862,Mark Waters
863,Nick Cassavetes
864,Kevin Allen
865,Andy Cadiff
866,Manny Coto
867,Stephen Kay
868,Tom Schulman
869,Andy Wilson
870,Neil LaBute
871,Tony Kaye
872,Stephen Norrington
873,Frank Coraci
874,Tony Bancroft
875,Griffin Dunne
876,Terrence Malick
877,Gary Ross
878,Vincent Ward
879,John Madden
880,Harry Elfont
881,Brenda Chapman
882,Randall Wallace
883,Thomas Vinterberg
884,Jamie Blanks
885,Darren Aronofsky
886,Shekhar Kapur
887,Mark Christopher
888,Peter Howitt
889,Vincent Gallo
890,David Nutter
891,Eric Darnell
892,Christopher Nolan
893,John Fortenberry
894,Lance Mungia
895,Antoine Fuqua
896,Bob Saget
897,Peter Berg
898,Kirk Wong
899,François Girard
900,Kunihiko Yuyama
901,Hype Williams
902,Kirk Jones
903,Frederik Du Chau
904,Mikael Salomon
905,Mark Steven Johnson
906,Troy Miller
907,Jonathan Darby
908,Kevin Rodney Sullivan
909,John Warren
910,Willard Carroll
911,Igor Kovalyov
912,Ice Cube
913,Alan Cohn
914,Marshall Herskovitz
915,Walter Salles
916,M. Night Shyamalan
917,Gillies MacKinnon
918,Chris Eyre
919,Dean Semler
920,Tamara Jenkins
921,John Pieplow
922,John Roberts
923,Steve Gomer
924,Steve Boyum
925,Predrag Antonijevic
926,David Dobkin
927,David Moreton
928,Neil Abramson
929,Jake Kasdan
930,Tony Cinciripini
931,Anthony Drazan
932,Dean Parisot
933,Paul Weitz
934,Sam Mendes
935,George Lucas
936,Gil Junger
937,Mike Judge
938,Roger Michell
939,Roger Kumble
940,Daniel Myrick
941,Sofia Coppola
942,Rob Minkoff
943,Troy Duffy
944,Robert Iscove
945,Chris Buck
946,Spike Jonze
947,Brad Bird
948,Kinka Usher
949,Mike Mitchell
950,Michael Patrick Jann
951,Kimberly Peirce
952,William Malone
953,Jamie Babbit
954,Darren Stein
955,Tony Goldwyn
956,Brian Helgeland
957,Adam Rifkin
958,Lynne Ramsay
959,Antonia Bird
960,David Koepp
961,Kevin Williamson
962,Josef Rusnak
963,Mark Pellington
964,John Schultz
965,Luis Mandoki
966,Rupert Wainwright
967,John Bruno
968,Bruce McCulloch
969,Malcolm D. Lee
970,Mic Rodgers
971,Risa Bramon Garcia
972,Kelly Makin
973,Rand Ravich
974,Tim Hill
975,Stephan Elliott
976,Rick Famuyiwa
977,Jeff Franklin
978,Gary Halvorson
979,Michael Corrente
980,Mark Tarlov
981,Takao Okawara
982,Michael Haigney
983,Louis Morneau
984,Franco Zeffirelli
985,Damon Santostefano
986,Martha Fiennes
987,Chris Roberts
988,Peter Ho-Sun Chan
989,Gary Sinyor
990,Michael Rymer
991,Antonio Banderas
992,Scott Silver
993,Mike Barker
994,Peter Kassovitz
995,Jim Fall
996,Alison Maclean
997,Mark Illsley
998,Mary Harron
999,David McNally
1000,McG
1001,Todd Phillips
1002,Peyton Reed
1003,Peter Lord
1004,Tarsem Singh
1005,James Wong
1006,Danny Leiner
1007,John Fawcett
1008,Roger Christian
1009,Stephen Daldry
1010,Alejandro G. Iñárritu
1011,Bibo Bergeron
1012,Eric Leighton
1013,Lars von Trier
1014,Nancy Meyers
1015,Steve Carr
1016,Steven Brill
1017,Ben Younger
1018,Matt Williams
1019,Gina Prince-Bythewood
1020,Tom Dey
1021,Patrick Lussier
1022,Antony Hoffman
1023,Courtney Solomon
1024,Chris Koch
1025,Joe Charbanic
1026,Andrzej Bartkowiak
1027,Edward Norton
1028,Joe Berlinger
1029,Kenneth Lonergan
1030,Diane Keaton
1031,Kris Isacsson
1032,Christopher McQuarrie
1033,Des McAnuff
1034,Mathieu Kassovitz
1035,E. Elias Merhige
1036,Britt Allcroft
1037,Bonnie Hunt
1038,David Raynr
1039,Miguel Arteta
1040,Joan Chen
1041,Ed Harris
1042,Vic Sarin
1043,Robert Lee King
1044,Nigel Cole
1045,Michael Almereyda
1046,Kim Ki-duk
1047,Douglas Aarniokoski
1048,John Ottman
1049,Fina Torres
1050,Rod Lurie
1051,Fabián Bielinsky
1052,Greg Berlanti
1053,Karyn Kusama
1054,Davis Guggenheim
1055,Jay Russell
1056,Bruce Paltrow
1057,Stig Bergqvist
1058,Takeshi Kitano
1059,Terence Davies
1060,Sally Field
1061,Mark Piznarski
1062,Jun Falkenstein
1063,Élie Chouraqui
1064,Craig Mazin
1065,Janusz Kaminski
1066,Eric Blakeney
1067,Robert Luketic
1068,Pete Docter
1069,Richard Kelly
1070,Joel Gallen
1071,Andrew Adamson
1072,Terry Zwigoff
1073,Jay Chandrasekhar
1074,Steve Beck
1075,Alejandro Amenábar
1076,Dennie Gordon
1077,Michael Tollin
1078,David Wain
1079,Michael Cristofer
1080,Marc Forster
1081,John Moore
1082,Sharon Maguire
1083,Jessie Nelson
1084,J.B. Rogers
1085,Bill Paxton
1086,Luke Greenfield
1087,Jesse Dylan
1088,Demian Lichtenstein
1089,Peter Chelsom
1090,Christophe Gans
1091,Daniel Sackheim
1092,Adam Shankman
1093,David Mirkin
1094,Brad Anderson
1095,Brendan Malloy
1096,John Cameron Mitchell
1097,Tom Green
1098,Pat O'Connor
1099,Takashi Miike
1100,Gregory Poirier
1101,Todd Field
1102,Louis C.K.
1103,Blair Hayes
1104,Stephen Chow
1105,John A. Davis
1106,Tommy O'Haver
1107,Hironobu Sakaguchi
1108,Francine McDougall
1109,Lawrence Guterman
1110,Joe Roth
1111,Chris Nahon
1112,Henry Bean
1113,Richard Eyre
1114,John Stockwell
1115,Karan Johar
1116,Gregor Jordan
1117,Tim Blake Nelson
1118,Jez Butterworth
1119,Jon Favreau
1120,Harald Zwart
1121,Stephen Carpenter
1122,Scott McGehee
1123,Charles Herman-Wurmfeld
1124,Jean-Marie Poiré
1125,Michael Cuesta
1126,DJ Pooh
1127,Vondie Curtis-Hall
1128,Chris Weitz
1129,Mark Brown
1130,Rintaro
1131,Nicole Holofcener
1132,Rob Pritts
1133,Chuck Sheetz
1134,Mitch Davis
1135,David Atkins
1136,Steven Shainberg
1137,Chris Wedge
1138,Dean DeBlois
1139,Rob Marshall
1140,Joel Zwick
1141,Kurt Wimmer
1142,Simon Wells
1143,Louis Leterrier
1144,Walt Becker
1145,Kelly Asbury
1146,Julie Taymor
1147,George Clooney
1148,Yimou Zhang
1149,Ellory Elkayem
1150,Mark Romanek
1151,Eli Roth
1152,Ed Decter
1153,Andrew Lau
1154,Denzel Washington
1155,Jonas Åkerlund
1156,Park Chan-Wook
1157,Marc Lawrence
1158,Justin Lin
1159,Shawn Levy
1160,Perry Andelin Blake
1161,Charles Stone III
1162,Marcus Raboy
1163,John Lee Hancock
1164,Guy Ritchie
1165,Lucky McKee
1166,Jesse Vaughan
1167,Callie Khouri
1168,Kevin Donovan
1169,John Polson
1170,Burr Steers
1171,Peter Kosminsky
1172,D.J. Caruso
1173,Takashi Shimizu
1174,Tim Story
1175,Niki Caro
1176,Joe Carnahan
1177,David Jacobson
1178,Mort Nathan
1179,Michael Lembeck
1180,Dewey Nicks
1181,Wallace Wolodarsky
1182,Peter Hastings
1183,Kevin Bray
1184,Stephen Gaghan
1185,Robin Budd
1186,Mars Callahan
1187,Jaume Balagueró
1188,Bob Dolman
1189,Cathy Malkasian
1190,Seth Kearsley
1191,Don Michael Paul
1192,Wych Kaosayananda
1193,Patricia Cardoso
1194,John Stainton
1195,Tom Tykwer
1196,Richard Curtis
1197,Len Wiseman
1198,Bong Joon Ho
1199,Andrew Stanton
1200,Catherine Hardwicke
1201,Rob Schmidt
1202,Patty Jenkins
1203,Tommy Wiseau
1204,Marcus Nispel
1205,Clark Johnson
1206,Rob Zombie
1207,Tim McCanlies
1208,Chris Kentis
1209,Peter Webber
1210,Bo Welch
1211,Aaron Blaise
1212,David R. Ellis
1213,Audrey Wells
1214,Jonathan Liebesman
1215,Bille Woodruff
1216,James Cox
1217,Patrick Gilmore
1218,Uwe Boll
1219,Vadim Perelman
1220,Tom McCarthy
1221,Casey La Scala
1222,Billy Ray
1223,Wayne Kramer
1224,Bruno Barreto
1225,David Mackenzie
1226,Sylvain Chomet
1227,Paul Hunter
1228,Reggie Rock Bythewood
1229,Gordon Chan
1230,Fenton Bailey
1231,Glen Morgan
1232,C. Jay Cox
1233,Tim Fywell
1234,Steve Trenbirth
1235,John Crowley
1236,David Gordon Green
1237,Richard Kwietniowski
1238,Chris Rock
1239,Peter Hedges
1240,Damian Nieman
1241,John Eng
1242,Eric Till
1243,Ryan Little
1244,Gérard Krawczyk
1245,John Hoffman
1246,Clare Kilner
1247,Jeff Schaffer
1248,Rawson Marshall Thurber
1249,Michel Gondry
1250,James Wan
1251,Jonathan Hensleigh
1252,Eric Bress
1253,Jared Hess
1254,Gary Winick
1255,Paul Haggis
1256,Paul Greengrass
1257,Zack Snyder
1258,Alexander Witt
1259,Adam McKay
1260,David S. Goyer
1261,Shane Carruth
1262,John Hamburg
1263,Stephen Hillenburg
1264,Ethan Coen
1265,Terry George
1266,Zach Braff
1267,Pitof
1268,Don Mancini
1269,Joseph Kahn
1270,Gurinder Chadha
1271,Joe Nussbaum
1272,Richard Loncraine
1273,Gavin O'Connor
1274,Paul McGuigan
1275,Sara Sugarman
1276,Kerry Conran
1277,Brian Dannelly
1278,Sean McNamara
1279,Beeban Kidron
1280,Jacob Estes
1281,Guy Ferland
1282,Angela Robinson
1283,Jessy Terrero
1284,Jonathan Glazer
1285,Tod Williams
1286,Christopher Erskin
1287,Will Finn
1288,Timur Bekmambetov
1289,Chris Stokes
1290,Kevin Spacey
1291,Michael Clancy
1292,Yash Chopra
1293,Nick Hurran
1294,Joshua Marston
1295,Michael Dowse
1296,Bart Freundlich
1297,Je-kyu Kang
1298,Robert C. Ramirez
1299,Judd Apatow
1300,Joe Wright
1301,Frank Miller
1302,James McTeigue
1303,Francis Lawrence
1304,Garth Jennings
1305,Joss Whedon
1306,Rob McKittrick
1307,Jean-François Richet
1308,David Slade
1309,Jaume Collet-Serra
1310,Shane Black
1311,Fernando Meirelles
1312,Dave McKean
1313,Darren Lynn Bousman
1314,Robert Schwentke
1315,Andrew Douglas
1316,Breck Eisner
1317,Rian Johnson
1318,Greg McLean
1319,Scott Derrickson
1320,Susan Stroman
1321,Bruce Hunt
1322,Ol Parker
1323,Thomas Bezucha
1324,Bennett Miller
1325,Noah Baumbach
1326,Hideo Nakata
1327,Mike Bigelow
1328,David Ayer
1329,Darren Grant
1330,Steve Box
1331,John Maybury
1332,Jason Reitman
1333,Mikael Håfström
1334,Florent-Emilio Siri
1335,Cory Edwards
1336,Tommy Lee Jones
1337,John Gulager
1338,Jeff Wadlow
1339,John Hillcoat
1340,Craig Brewer
1341,Richard Shepard
1342,Atom Egoyan
1343,Rebecca Miller
1344,Geoffrey Sax
1345,Niall Johnson
1346,Miranda July
1347,Duncan Tucker
1348,Andy Garcia
1349,Arie Posin
1350,Gary Chapman
1351,Phil Morrison
1352,John Gatins
1353,Bent Hamer
1354,Liev Schreiber
1355,Mike Mills
1356,David Frankel
1357,Andy Fickman
1358,Gabriele Muccino
1359,Jonathan Dayton
1360,Kevin Macdonald
1361,Florian Henckel von Donnersmarck
1362,J.J. Abrams
1363,Steve Pink
1364,James Gunn
1365,Alexandre Aja
1366,Liam Lynch
1367,Anne Fletcher
1368,Larry Charles
1369,Mark Neveldine
1370,Neil Burger
1371,Tim Johnson
1372,Elizabeth Allen Rosenbaum
1373,Stefen Fangmeier
1374,Gil Kenan
1375,Greg Coolidge
1376,David Bowers
1377,Werner Herzog
1378,Corey Yuen
1379,Susannah Grant
1380,Alejandro Agresti
1381,Mark Palansky
1382,Carlos Saldanha
1383,William Brent Bell
1384,David Von Ancken
1385,Ericson Core
1386,Adam Green
1387,Tyler Perry
1388,John Bonito
1389,John Curran
1390,George Hickenlooper
1391,Doug Atchison
1392,Aaron Seltzer
1393,Anthony Russo
1394,Matthew O'Callaghan
1395,Michael Mayer
1396,Goran Dukic
1397,Gregory Dark
1398,Allen Coulter
1399,Chris Robinson
1400,Emilio Estevez
1401,Ryan Fleck
1402,Steve 'Spaz' Williams
1403,Liz Friedlander
1404,Jim Sonzero
1405,Michael Polish
1406,Nick Guthe
1407,Todd Robinson
1408,Colin Brady
1409,Kelly Reichardt
1410,Wil Shriner
1411,Matthew Vaughn
1412,Ben Affleck
1413,Greg Mottola
1414,David Yates
1415,Juan Carlos Fresnadillo
1416,Xavier Gens
1417,Gabor Csupo
1418,Shari Springer Berman
1419,Michael Haneke
1420,Josh Gordon
1421,Ash Brannon
1422,Joby Harold
1423,Simon J. Smith
1424,Colin Strause
1425,Chris Miller
1426,Andrew Dominik
1427,Mark Helfrich
1428,Nacho Vigalondo
1429,Jason Friedberg
1430,Stephen J. Anderson
1431,Tony Gilroy
1432,Oren Peli
1433,Richard LaGravenese
1434,Craig Gillespie
1435,Mennan Yapo
1436,David Silverman
1437,Nimród Antal
1438,Steve Bendelack
1439,Bob Odenkirk
1440,Kirsten Sheridan
1441,Robert Ben Garant
1442,Michael Davis
1443,Scott Frank
1444,Olivier Dahan
1445,John Carney
1446,Philip G. Atwell
1447,Adrienne Shelly
1448,David L. Cunningham
1449,Kevin Munroe
1450,Martin Weisz
1451,Dave Meyers
1452,Julian Jarrold
1453,Tom Brady
1454,Tom Kalin
1455,José Padilha
1456,Danny Pang
1457,Franck Khalfoun
1458,Oliver Hirschbiegel
1459,Vincent Paronnaud
1460,Chris Sivertson
1461,Zach Helm
1462,Thor Freudenthal
1463,Daniel Waters
1464,Jon Poll
1465,Doug Lefler
1466,Sergei Bodrov
1467,Jonathan Kasdan
1468,Gavin Hood
1469,Sylvain White
1470,Deborah Kampmeier
1471,Susanne Bier
1472,Mark Osborne
1473,Phyllida Lloyd
1474,Bryan Bertino
1475,Pierre Morel
1476,Nicholas Stoller
1477,Martin McDonagh
1478,Michael Patrick King
1479,Fred Wolf
1480,Carter Smith
1481,Justin Chadwick
1482,Eric Brevig
1483,Byron Howard
1484,Sean Anders
1485,Mark Herman
1486,Tomas Alfredson
1487,Nick Moore
1488,Nicolas Winding Refn
1489,Lexi Alexander
1490,Charlie Kaufman
1491,Peter Sollett
1492,Neil Marshall
1493,Jon M. Chu
1494,Kent Alterman
1495,Howard McCain
1496,David Hackl
1497,Jimmy Hayward
1498,Diane English
1499,Clark Gregg
1500,Ryûhei Kitamura
1501,Tom Vaughan
1502,Pete Travis
1503,Christine Jeffs
1504,Robert B. Weide
1505,Olivier Megaton
1506,Nelson McCormick
1507,Dave Filoni
1508,Jon Hurwitz
1509,Michael McCullers
1510,Jennifer Flackett
1511,John Erick Dowdle
1512,George C. Wolfe
1513,Seth Gordon
1514,Sanaa Hamri
1515,Jee-woon Kim
1516,Rodrigo García
1517,Masayuki Ochiai
1518,Marcel Langenegger
1519,David Moreau
1520,Marco Schnabel
1521,Chris Carter
1522,Eric Valette
1523,Alex Kendrick
1524,Jeffrey Nachmanoff
1525,Darnell Martin
1526,Bruce McDonald
1527,Ari Folman
1528,Guillermo Arriaga
1529,Sam Fell
1530,Marc Schölermann
1531,Tony Leondis
1532,Jonathan Levine
1533,Courtney Hunt
1534,S.R. Bindler
1535,Jennifer Lynch
1536,Ruben Fleischer
1537,Marc Webb
1538,Neill Blomkamp
1539,Kyle Newman
1540,Duncan Jones
1541,Jaco Van Dormael
1542,Gaspar Noé
1543,Will Gluck
1544,Drew Barrymore
1545,Juan José Campanella
1546,Christian Alvart
1547,Rob Letterman
1548,Patrick Tatopoulos
1549,Peter Billingsley
1550,Dennis Iliadis
1551,Niels Arden Oplev
1552,Stewart Hendler
1553,Lee Daniels
1554,Phil Lord
1555,Ricky Gervais
1556,Olatunde Osunsanmi
1557,Marcus Dunstan
1558,Grant Heslov
1559,Tom Ford
1560,Derrick Borte
1561,Michael Spierig
1562,Lone Scherfig
1563,Scott Cooper
1564,Shane Acker
1565,Jean-Marc Vallée
1566,Vincenzo Natali
1567,Jacques Audiard
1568,Kevin Greutert
1569,Andrea Arnold
1570,Agnieszka Wojtowicz-Vosloo
1571,Steve Shill
1572,Phil Traill
1573,Peter Cornwell
1574,Glenn Ficarra
1575,Scott Sanders
1576,Kevin Tancharoen
1577,Ti West
1578,George Gallo
1579,Hoyt Yeatman
1580,Brandon Camp
1581,Jody Hill
1582,Daniel Barber
1583,Jorge Blanco
1584,Raymond De Felitta
1585,Anne Fontaine
1586,Tommy Wirkola
1587,Oren Moverman
1588,Tomm Moore
1589,J Blakeson
1590,Neal Brennan
1591,Zach Cregger
1592,Tom Hooper
1593,Francesca Gregorini
1594,Edgar Wright
1595,Jim Field Smith
1596,Gareth Edwards
1597,Nathan Greno
1598,Steven R. Monroe
1599,Anton Corbijn
1600,Denis Villeneuve
1601,Steve Antin
1602,Pierre Coffin
1603,Derek Cianfrance
1604,Joseph Kosinski
1605,Lee Unkrich
1606,Ethan Maniquis
1607,Tom McGrath
1608,Ryan Murphy
1609,Rodrigo Cortés
1610,Scott Stewart
1611,Debra Granik
1612,Samuel Bayer
1613,John Luessenhop
1614,Anna Boden
1615,Lisa Cholodenko
1616,Anand Tucker
1617,Floria Sigismondi
1618,Jorma Taccone
1619,Hiromasa Yonebayashi
1620,Julie Anne Robinson
1621,Quentin Dupieux
1622,Susanna White
1623,Nanette Burstein
1624,Miguel Sapochnik
1625,David Schwimmer
1626,John Wells
1627,Jay Duplass
1628,Daniel Stamm
1629,Abe Sylvia
1630,William Monahan
1631,Alan Poul
1632,Troy Nixey
1633,Shana Feste
1634,Jim Mickle
1635,Richard J. Lewis
1636,Malcolm Venville
1637,Sngmoo Lee
1638,Spencer Susser
1639,Nick Tomnay
1640,Mitch Glazer
1641,Dan Rush
1642,Jeff Nichols
1643,Paul Feig
1644,Drew Goddard
1645,Tate Taylor
1646,Jennifer Yuh Nelson
1647,Steve McQueen
1648,Rupert Wyatt
1649,Brad Furman
1650,Asghar Farhadi
1651,George Nolfi
1652,Gareth Evans
1653,J.C. Chandor
1654,Chris Gorak
1655,Steven Quale
1656,Adam Wingard
1657,Matthijs van Heijningen Jr.
1658,Gary McKendry
1659,James Bobin
1660,Michel Hazanavicius
1661,Justin Kurzel
1662,Joe Cornish
1663,John Michael McDonagh
1664,Mike Cahill
1665,Drake Doremus
1666,Mark Mylod
1667,Daniel Barnz
1668,Jason Eisener
1669,Christian E. Christiansen
1670,Zal Batmanglij
1671,Madonna
1672,Jesse Peretz
1673,Alister Grierson
1674,Gorô Miyazaki
1675,Lynn Shelton
1676,Gonzalo López-Gallego
1677,Paul Johansson
1678,Imtiaz Ali
1679,Jason Moore
1680,J.A. Bayona
1681,Stephen Chbosky
1682,Rupert Sanders
1683,Seth MacFarlane
1684,Mark Andrews
1685,Genndy Tartakovsky
1686,Måns Mårlind
1687,Daniel Espinosa
1688,Lorene Scafaria
1689,Rich Moore
1690,Nima Nourizadeh
1691,Brad Peyton
1692,Akiva Schaffer
1693,Colin Trevorrow
1694,Josh Trank
1695,Dan Bradley
1696,Chris Renaud
1697,Asger Leth
1698,Peter Ramsey
1699,Ariel Vromen
1700,Mark Tonderai
1701,Ben Lewin
1702,James Watkins
1703,Michael Sucsy
1704,Craig Zobel
1705,David Palmer
1706,Mike McCoy
1707,Lisa Azuelos
1708,Steve Martino
1709,Stephen Elliott
1710,Sacha Gervasi
1711,Scott Speer
1712,Ole Bornedal
1713,M.J. Bassett
1714,Ramaa Mosley
1715,Robert Lorenz
1716,Chris Butler
1717,Baltasar Kormákur
1718,Nicholas Jarecki
1719,RZA
1720,Fisher Stevens
1721,Stefan Ruzowitzky
1722,Brian Klugman
1723,John Hyams
1724,Benh Zeitlin
1725,Anthony Hemingway
1726,Mabrouk El Mechri
1727,Todd Lincoln
1728,James Mather
1729,Leslye Headland
1730,Josh Radnor
1731,Joachim Rønning
1732,Henry Joost
1733,Dustin Hoffman
1734,Juan Solanas
1735,David Chase
1736,Henry Alex Rubin
1737,Bradley Parker
1738,Reema Kagti
1739,Alex Kurtzman
1740,Cal Brunker
1741,Jamie Travis
1742,Homi Adajania
1743,Josh Schwartz
1744,Jake Schreier
1745,Alan Taylor
1746,James DeMonaco
1747,Dan Scanlon
1748,Joseph Gordon-Levitt
1749,Kirk DeMicco
1750,Evan Goldberg
1751,Nat Faxon
1752,Fede Alvarez
1753,James Ward Byrkit
1754,Andy Muschietti
1755,Carl Rinsch
1756,Steven Knight
1757,Mike Flanagan
1758,Maggie Carey
1759,David Soren
1760,Amma Asante
1761,Guillaume Canet
1762,James Ponsoldt
1763,Jon S. Baird
1764,Don McKellar
1765,Brian Percival
1766,Rob Epstein
1767,Daniel Schechter
1768,Ken Scott
1769,Klay Hall
1770,Cody Cameron
1771,Jeremy Saulnier
1772,Allen Hughes
1773,Jorge Dorado
1774,Don Scardino
1775,Justin Zackham
1776,Ric Roman Waugh
1777,Ryan Coogler
1778,Jeff Tremaine
1779,Joshua Michael Stern
1780,Jon Lucas
1781,Michael Tiddes
1782,Peter Landesman
1783,Jason Bateman
1784,Keanu Reeves
1785,Ritesh Batra
1786,Chad Stahelski
1787,Damien Chazelle
1788,Alex Garland
1789,Dan Gilroy
1790,Wes Ball
1791,Jemaine Clement
1792,Morten Tyldum
1793,David Robert Mitchell
1794,Noam Murro
1795,Don Hall
1796,Robert Stromberg
1797,Angelina Jolie
1798,Christopher Miller
1799,Josh Boone
1800,James Marsh
1801,Patrick Hughes
1802,Michaël R. Roskam
1803,Jennifer Kent
1804,Damián Szifron
1805,Camille Delamarre
1806,Leigh Janiak
1807,Scott Waugh
1808,Paul King
1809,Jorge R. Gutiérrez
1810,Gary Shore
1811,Levan Gabriadze
1812,Wally Pfister
1813,Rowan Joffe
1814,Philippe Falardeau
1815,Tom Gormican
1816,Erik Van Looy
1817,Jon Watts
1818,William Eubank
1819,R.J. Cutler
1820,Richard Glatzer
1821,Bill Pohlad
1822,Russell Crowe
1823,Ava DuVernay
1824,Rob Thomas
1825,Charlie McDowell
1826,Stuart Beattie
1827,Vic Armstrong
1828,Theodore Melfi
1829,Trish Sie
1830,Harold Cronk
1831,Akiva Goldsman
1832,Ben Falcone
1833,Pascal Chaumeil
1834,David Michôd
1835,Ryan Gosling
1836,John Pogue
1837,Sam Miller
1838,Peter Strickland
1839,Sarah Gavron
1840,Stiles White
1841,Roberts Gannaway
1842,Ramin Bahrani
1843,Sam Taylor-Johnson
1844,Robert Eggers
1845,Lenny Abrahamson
1846,Bryan Buckley
1847,John Francis Daley
1848,Lee Toland Krieger
1849,Marc Abraham
1850,Kyle Balda
1851,Elizabeth Banks
1852,Peter Sohn
1853,Joel Edgerton
1854,Etan Cohen
1855,Aleksander Bach
1856,Doug Ellin
1857,Christopher Landon
1858,Ilya Naishuller
1859,Paco Cabezas
1860,Gregory Jacobs
1861,Ari Sandel
1862,Leigh Whannell
1863,S.S. Rajamouli
1864,Jeremy Garelick
1865,Paul Tibbitt
1866,Cary Joji Fukunaga
1867,Alfonso Gomez-Rejon
1868,Marielle Heller
1869,Sean Baker
1870,Ciarán Foy
1871,Duke Johnson
1872,Simon Curtis
1873,Dexter Fletcher
1874,Max Joseph
1875,Dean Israelite
1876,Matt Brown
1877,Michael Dougherty
1878,Wilson Yip
1879,David Gelb
1880,Patricia Riggen
1881,Joachim Trier
1882,Travis Cluff
1883,John Maclean
1884,Jerry Jameson
1885,Michael Showalter
1886,Dan Fogelman
1887,Daniel Lee
1888,Tim Miller
1889,Thea Sharrock
1890,Matt Ross
1891,Cedric Nicolas-Troyan
1892,Alessandro Carloni
1893,Anna Foerster
1894,Greg Tiernan
1895,Barry Jenkins
1896,Dan Trachtenberg
1897,Garth Davis
1898,David F. Sandberg
1899,Deon Taylor
1900,Christian Ditter
1901,Ana Lily Amirpour
1902,Luke Scott
1903,Kelly Fremon Craig
1904,Babak Najafi
1905,Dan Mazer
1906,Dan Kwan
1907,Jake Szymanski
1908,Mike Thurmeier
1909,Dave Green
1910,David L. Hunt
1911,Clay Kaytis
1912,Dennis Gansel
1913,Pablo Larraín
1914,David Lowery
1915,Peter Atencio
1916,Travis Knight
1917,Sam Liu
1918,Jason Zada
1919,John Krasinski
1920,Olivier Assayas
1921,Jonathan Jakubowicz
1922,Taika Waititi
1923,Michael Gracey
1924,Hallie Meyers-Shyer
1925,Jordan Peele
1926,Sebastián Lelio
1927,Jordan Vogt-Roberts
1928,David Leitch
1929,Taylor Sheridan
1930,Greta Gerwig
1931,Benny Safdie
1932,Aaron Sorkin
1933,Nikolaj Arcel
1934,Armando Iannucci
1935,Dean Devlin
1936,Brian Fee
1937,Lucia Aniello
1938,Dax Shepard
1939,Destin Daniel Cretton
1940,Chris McKay
1941,Cory Finley
1942,James Franco
1943,Johannes Roberts
1944,Stella Meghie
1945,Trey Edward Shults
1946,Ry Russo-Young
1947,Denise Di Novi
1948,Hany Abu-Assad
1949,Brett Haley
1950,Stuart Hazeldine
1951,F. Javier Gutiérrez
1952,Charlie Bean
1953,Andrew Jay Cohen
1954,Benny Boom
1955,Baran bo Odar
1956,Richie Keen
1957,Ken Marino
1958,Michael Carney
1959,Jayson Thiessen
1960,Jeffrey Blitz
1961,Lawrence Sher
1962,Luis Prieto
1963,Jonathan Teplitzky
1964,Isabel Coixet
1965,Dallas Jenkins
1966,Stacy Title
1967,Ari Aster
1968,Bob Persichetti
1969,Yann Demange
1970,Christian Gudegast
1971,Bradley Cooper
1972,Bo Burnham
1973,Luca Guadagnino
1974,Yorgos Lanthimos
1975,Panos Cosmatos
1976,Stefano Sollima
1977,Gerard McMurray
1978,Claire McCarthy
1979,Corin Hardy
1980,Jeff Tomsic
1981,Donovan Marsh
1982,Otto Bathurst
1983,Felix van Groeningen
1984,Nadine Labaki
1985,Nicolai Fuglsig
1986,Susanna Fogel
1987,Josie Rourke
1988,Phil Johnston
1989,Julius Avery
1990,Roar Uthaug
1991,Christian Rivers
1992,Steven Caple Jr.
1993,Jonah Hill
1994,Aneesh Chaganty
1995,Kay Cannon
1996,Abby Kohn
1997,Drew Pearce
1998,Bill Holderman
1999,Boots Riley
2000,Steven S. DeKnight
2001,Rob Greenberg
2002,Joe Penna
2003,Mathew Cullen
2004,Sriram Raghavan
2005,Kevin Connolly
2006,Adam Robitel
2007,David Kerr
2008,Bethany Ashton Wolf
2009,Sam Levinson
2010,Stephen Susco
2011,Karey Kirkpatrick
2012,Gregory Plotkin
2013,Diederik Van Rooijen
2014,Yarrow Cheney
2015,Tim Kirkby
2016,Xavier Dolan
2017,Director X.
2018,Nick Park
2019,Andrew Erwin
2020,Tatsuya Nagamine
2021,Jonathan Baker
2022,Stephen Merchant
2023,Jenny Gage
2024,Matt Bettinelli-Olpin
2025,Michael Engler
2026,Olivia Wilde
2027,Robin Bissell
2028,Josh Cooley
2029,Simon Kinberg
2030,David Yarovesky
2031,Tyler Nilson
2032,Gene Stupnitsky
2033,Justin Baldoni
2034,Hans Petter Moland
2035,Gary Dauberman
2036,Adrian Grunberg
2037,Nisha Ganatra
2038,Michael Chaves
2039,André Øvredal
2040,Thurop Van Orman
2041,Kevin Kölsch
2042,Makoto Shinkai
2043,Vincent D'Onofrio
2044,Lars Klevberg
2045,Chris Addison
2046,Andrea Berloff
2047,Jill Culton
2048,Todd Strauss-Schulson
2049,Gail Mancuso
2050,Dome Karukoski
2051,Dylan Brown
2052,Jesse V. Johnson
2053,Frant Gwo
2054,Roxann Dawson
2055,Zara Hayes
2056,Tina Gordon
2057,Nicholas McCarthy
2058,Melanie Martinez
2059,Chuck Konzelman
2060,Eddie Mensore
2061,Richard Grieco
2062,Tony Wash
2063,Cathy Yan
2064,Adil El Arbi
2065,Jeff Fowler
2066,Chris Sanders
2067,Hu Guan
