sid,star
1,Jack Nicholson
2,Brooke Shields
3,Mark Hamill
4,Robert Hays
5,Chevy Chase
6,Betsy Palmer
7,John Belushi
8,Robert De Niro
9,Gene Hackman
10,David Carradine
11,Clint Eastwood
12,N!xau
13,Robin Williams
14,Donald Sutherland
15,Michael Caine
16,Christopher Reeve
17,Jane Fonda
18,Adrienne Barbeau
19,Al Pacino
20,Kris Kristofferson
21,Kirk Douglas
22,Olivia Newton-John
23,Robert Redford
24,Richard Gere
25,Scott Glenn
26,Goldie Hawn
27,Tony Danza
28,Rory Calhoun
29,Peter O'Toole
30,Don Adams
31,Woody Allen
32,Paul Le Mat
33,Paul Newman
34,Chuck Norris
35,Elliott Gould
36,Michael Ontkean
37,Paul Michael Glaser
38,Harrison Ford
39,David Naughton
40,Kurt Russell
41,Bruce Campbell
42,Dan Monahan
43,John Travolta
44,Laurence Olivier
45,Nigel Terry
46,Mel Gibson
47,Bill Murray
48,Burt Reynolds
49,James Caan
50,Sean Connery
51,Roger Moore
52,Jamie Lee Curtis
53,George C. Scott
54,Warren Beatty
55,Mickey Rooney
56,Ben Cross
57,Bo Derek
58,Dudley Moore
59,Mel Brooks
60,Dee Wallace
61,Peter MacNicol
62,Jeff Bridges
63,Everett McGill
64,Sam Neill
65,Faye Dunaway
66,Sylvia Kristel
67,Maren Jensen
68,William Hurt
69,Julie Andrews
70,Catriona MacColl
71,Frederic Forrest
72,Sylvester Stallone
73,Albert Finney
74,Treat Williams
75,Lauren Tewes
76,George Segal
77,Steve Martin
78,Klinton Spilsbury
79,Lesley-Anne Down
80,Daniel Valdez
81,Jack Lemmon
82,Richard Pryor
83,Andy Kaufman
84,Richard Dreyfuss
85,Robert Duvall
86,David Rasche
87,Harry Hamlin
88,Sean Penn
89,Arnold Schwarzenegger
90,Henry Thomas
91,Michelle Pfeiffer
92,Aileen Quinn
93,JoBeth Williams
94,Nick Nolte
95,William Shatner
96,Meryl Streep
97,Ben Kingsley
98,Dustin Hoffman
99,Elizabeth Hartman
100,Marc Singer
101,Hal Holbrook
102,Bob Geldof
103,Nastassja Kinski
104,Bertil Guve
105,Dana Kimmell
106,Tom Atkins
107,Jim Henson
108,Christopher George
109,Steve Guttenberg
110,Barbara Hershey
111,Kate McNeil
112,Peter Ustinov
113,Charles Bronson
114,Barry Bostwick
115,Mariel Hemingway
116,James Olson
117,John Cassavetes
118,Roy Scheider
119,Robert Glaudini
120,Cher
121,Lewis Collins
122,Peter Sellers
123,Jon Voight
124,Willie Nelson
125,Ken Wahl
126,Mark Blankfield
127,John Hurt
128,Toni Attell
129,Bette Midler
130,Ryan O'Neal
131,Luciano Pavarotti
132,C. Thomas Howell
133,Tom Cruise
134,Eddie Murphy
135,Tom Berenger
136,Dennis Quaid
137,Keith Gordon
138,Jennifer Beals
139,Matthew Broderick
140,Sam Shepard
141,Ken Marshall
142,Christopher Walken
143,Phoebe Cates
144,Nicolas Cage
145,Matt Dillon
146,James Woods
147,Shirley MacLaine
148,Dan Aykroyd
149,Peter Billingsley
150,Anthony Perkins
151,Barbra Streisand
152,Randy Norton
153,Graham Chapman
154,John Cleese
155,Rick Hill
156,Jason Robards
157,Peter Keleghan
158,Cliff Gorman
159,Mary Beth McDonough
160,Linda Blair
161,Peter Strauss
162,Tom Selleck
163,Don Francks
164,Lou Ferrigno
165,Tony Roberts
166,Rutger Hauer
167,Shô Kosugi
168,Peter Weller
169,David Niven
170,Max Gail
171,Walter Matthau
172,Pia Zadora
173,Cristina Raines
174,Rosanna Arquette
175,Malcolm McDowell
176,Tommy Lee Jones
177,Martin Yost
178,Linda Griffiths
179,Robby Benson
180,Margot Kidder
181,Everett Silas
182,Kyle MacLachlan
183,Ralph Macchio
184,Craig Wasson
185,Heather Langenkamp
186,F. Murray Abraham
187,Patrick Swayze
188,Noah Hathaway
189,Kevin Bacon
190,Robert Carradine
191,Zach Galligan
192,Michael Douglas
193,Michael Paré
194,Molly Ringwald
195,Rob Reiner
196,Val Kilmer
197,Peter Horton
198,Lance Guest
199,Tom Hanks
200,John Getz
201,Sumi Shimamoto
202,Erich Anderson
203,Rachel Ward
204,Helen Slater
205,Drew Barrymore
206,John Heard
207,Gene Wilder
208,Harry Dean Stanton
209,Sam Waterston
210,Catherine Mary Stewart
211,John Lurie
212,Robert Urich
213,Judy Davis
214,Prince
215,Rob Lowe
216,Tanya Roberts
217,Christopher Lambert
218,Matthew Modine
219,Sarah Patterson
220,Lilyan Chauvin
221,Eric Roberts
222,Rae Dawn Chong
223,Teri Garr
224,Howard E. Rollins Jr.
225,Tab Hunter
226,Steven Bauer
227,Joe Morton
228,Geneviève Bujold
229,Tim Matheson
230,Diane Keaton
231,Paul McCartney
232,Michael O'Keefe
233,Debra Winger
234,Brooke Adams
235,Anthony Michael Hall
236,Sean Astin
237,Michael J. Fox
238,William Petersen
239,Eileen Brennan
240,Emilio Estevez
241,Don Ameche
242,Clu Gulager
243,Demi Moore
244,Jonathan Pryce
245,Danny Glover
246,Kevin Kline
247,Tatsuya Nakadai
248,Maggie Smith
249,Chris Sarandon
250,Ethan Hawke
251,Griffin Dunne
252,Robert Englund
253,Steve Railsback
254,Paul Reubens
255,Lori Cardille
256,William Katt
257,Grant Bardsley
258,Melanie Kinnaman
259,Jeffrey Combs
260,Taimak
261,Lauren Hutton
262,Jeff Goldblum
263,John Cusack
264,Mikhail Baryshnikov
265,Gary Busey
266,Nicholas Rowe
267,Mickey Rourke
268,Bruno Lawrence
269,Ken Ogata
270,Sally Field
271,Kevin Costner
272,Richard Chamberlain
273,Michael Dudikoff
274,Timothy Hutton
275,Helen Shaver
276,Mia Farrow
277,Louise Lasser
278,Sting
279,Raymond Burr
280,Jackie Chan
281,Sheila E.
282,John Erwin
283,Joe Colligan
284,Georgia Engel
285,Daniel Jenkins
286,Mario Van Peebles
287,Sigourney Weaver
288,Wil Wheaton
289,Paul Hogan
290,David Bowie
291,Charlie Sheen
292,Isabella Rossellini
293,Lea Thompson
294,Rick Moranis
295,Crispin Glover
296,Ally Sheedy
297,Joey Cramer
298,Kathleen Turner
299,Corey Haim
300,Thom Mathews
301,Rodney Dangerfield
302,Dennis Hopper
303,Gary Oldman
304,Michael Rooker
305,Jason Lively
306,Kate Capshaw
307,Vincent Price
308,Orson Welles
309,Michael Moriarty
310,Jeff Daniels
311,Daryl Hannah
312,Tracy Camilla Johns
313,Tom Waits
314,Karen Black
315,Deborah Foreman
316,Helena Bonham Carter
317,John Candy
318,Bryan Brown
319,Brian Kerwin
320,Danny DeVito
321,Richard Jordan
322,John Lithgow
323,Michael Keaton
324,Stephen Lang
325,Chris Makepeace
326,Burt Lancaster
327,Todd Allen
328,Blythe Danner
329,Sissy Spacek
330,Judd Nelson
331,Scott McGinnis
332,Mike Norris
333,Victor Love
334,Cary Elwes
335,Elisabeth Shue
336,Adrian Pasdar
337,Andrew McCarthy
338,Dolph Lundgren
339,Christian Bale
340,Lorraine Gary
341,Timothy Dalton
342,Lou Diamond Phillips
343,Andre Gower
344,Donald Pleasence
345,George Kennedy
346,Hume Cronyn
347,Jason Bateman
348,Jim Varney
349,Kim Basinger
350,Anthony Newley
351,Casey Siemaszko
352,David Paul
353,Martin Sheen
354,Denzel Washington
355,Madonna
356,Chris Cooper
357,Jon Cryer
358,Michael E. Knight
359,Lane Smith
360,Kelly McGillis
361,Jim Belushi
362,Tom Hulce
363,Michael Biehn
364,Deborah Winters
365,Bill Cosby
366,Sarah Miles
367,Robert Townsend
368,Sy Richardson
369,Jodie Foster
370,Julie Walters
371,Patrick Dempsey
372,Elaine Stritch
373,Eric Stoltz
374,Eddie Deezen
375,Bruce Willis
376,Alec Baldwin
377,River Phoenix
378,Roddy Piper
379,Winona Ryder
380,Bob Hoskins
381,Annabeth Gish
382,Philippe Noiret
383,Catherine Hicks
384,Leslie Nielsen
385,Hitoshi Takagi
386,Melanie Griffith
387,Jean-Claude Van Damme
388,Willem Dafoe
389,Pat Hingle
390,Glenn Close
391,Geena Davis
392,Sonny Bono
393,Jeremy Irons
394,Daniel Day-Lewis
395,Shawnee Smith
396,Joey Lawrence
397,John Neville
398,Cassandra Peterson
399,Christine Ebersole
400,Steven Seagal
401,Keenen Ivory Wayans
402,Lance Henriksen
403,Terry Kiser
404,Doug Bradley
405,Amanda Donohoe
406,James Karen
407,Tami Erin
408,Carmen Maura
409,Cathy Podewell
410,Heather O'Rourke
411,William Ragsdale
412,Jackie Mason
413,Laurence Fishburne
414,Fisher Stevens
415,Bill Pullman
416,Jason Beghe
417,James Le Gros
418,Carl Weathers
419,Sidney Poitier
420,George Dzundza
421,Lukas Haas
422,Anthony Edwards
423,Scott Grimes
424,Eric Bogosian
425,Rubén Blades
426,Forest Whitaker
427,Cyndi Lauper
428,Robert Downey Jr.
429,Billy Crystal
430,Jennifer Rubin
431,Gena Rowlands
432,Cliff De Young
433,Amy Irving
434,Jessica Lange
435,David Keith
436,Joanna Pacula
437,Tim Daly
438,Alan Boyce
439,Theresa Russell
440,Hart Bochner
441,Keanu Reeves
442,Jodi Benson
443,Ed Harris
444,Danny Aiello
445,James Spader
446,Dale Midkiff
447,Julian Sands
448,Fred Savage
449,'Weird Al' Yankovic
450,Dom DeLuise
451,Nicole Kidman
452,Shelley Long
453,Morgan Freeman
454,Greg Evigan
455,John Ritter
456,Kenneth Branagh
457,Jensen Daggett
458,Colin Firth
459,Michael Murphy
460,Masatoshi Nagase
461,Sammi Davis
462,Christian Slater
463,Martin Landau
464,Cybill Shepherd
465,Gabriel Damon
466,Ted Danson
467,Dick Durock
468,Bubba Smith
469,Gary Graham
470,Hulk Hogan
471,Terry O'Quinn
472,Randy Quaid
473,Peter Boyle
474,Stephen Caffrey
475,Ron Fazio
476,Don Johnson
477,Kiefer Sutherland
478,Lorraine Bracco
479,Jillian McWhirter
480,Emily Lloyd
481,Ron Silver
482,Keith Coogan
483,Cheech Marin
484,Josef Sommer
485,Macaulay Culkin
486,Judith Hoag
487,Johnny Depp
488,Tim Robbins
489,Liam Neeson
490,Gabriel Byrne
491,Alex Vincent
492,Richard Linklater
493,Craig Sheffer
494,Michael Oliver
495,Bob Newhart
496,Christopher Reid
497,Tony Todd
498,Jonathan Brandis
499,Kate Hodge
500,James Lorinz
501,Andrew Dice Clay
502,Keely Christian
503,Akira Terao
504,Bradley Gregg
505,Dylan McDermott
506,Marlon Brando
507,David Andrews
508,Debbie Harry
509,Gérard Depardieu
510,Carolyn Farina
511,Aidan Quinn
512,Patrick Bergin
513,Adrienne Shelly
514,Douglas Barr
515,Ed Begley Jr.
516,Dabney Coleman
517,Louis Tripp
518,Brian Dennehy
519,Kirstie Alley
520,Cuba Gooding Jr.
521,Anjelica Huston
522,Susan Sarandon
523,Maribel Verdú
524,Paige O'Hara
525,Kathy Bates
526,Billy Campbell
527,Anna Chlumsky
528,Julia Roberts
529,Brian Krause
530,John Turturro
531,Paige Turco
532,Robert Arkins
533,Wesley Snipes
534,Brandon Quintin Adams
535,Justin Whalin
536,Juliette Binoche
537,Brian Bosworth
538,Jason Patric
539,David Morse
540,Kristy Swanson
541,Glen Campbell
542,Scott Bakula
543,Vanilla Ice
544,Ellen Barkin
545,Ed O'Neill
546,Bobcat Goldthwait
547,Brad Pitt
548,Edith Meeks
549,John Goodman
550,Jeff Speakman
551,Claire Bloom
552,Laura Dern
553,Martin Short
554,Gregory Hines
555,Joe Pesci
556,Cindy Williams
557,Jeff Fahey
558,Vincent Spano
559,Kevin Anderson
560,Madeleine Stowe
561,Peter Berg
562,Harvey Keitel
563,Virginia Madsen
564,Scott Weinger
565,Whoopi Goldberg
566,Bridget Fonda
567,Mike Myers
568,Sheryl Lee
569,Annabella Sciorra
570,Timothy Balme
571,Edward James Olmos
572,Carlos Gallardo
573,Hugh Grant
574,Edward Furlong
575,Samantha Mathis
576,Brendan Fraser
577,Omar Epps
578,Victor Wong
579,Terry Farrell
580,Terence Knox
581,Tilda Swinton
582,James Marshall
583,Richard Kind
584,George Strait
585,Stephen Dorff
586,Anne Parillaud
587,Andy Garcia
588,Hugh Laurie
589,Marco Leonardi
590,Damon Wayans
591,Bill Paxton
592,Brandon Lee
593,Glenn Plummer
594,Dermot Mulroney
595,Mary McDonnell
596,Ray Liotta
597,Armand Assante
598,Mike Dytri
599,Robert John Burke
600,Andie MacDowell
601,Penelope Ann Miller
602,Jason London
603,Holly Hunter
604,Danny Elfman
605,Thomas Ian Nicholas
606,Damian Chapa
607,Tyrin Turner
608,Kate Maberly
609,Jason James Richter
610,Anthony Hopkins
611,D.B. Sweeney
612,Sharon Stone
613,Warwick Davis
614,Angela Bassett
615,Kent McCord
616,Joe Mantegna
617,John D. LeMay
618,Diedrich Bader
619,Charles Grodin
620,Federico Luppi
621,Elias Koteas
622,Gabrielle Anwar
623,Shane McDermott
624,Jason Scott Lee
625,Janet Jackson
626,Tamlyn Tomita
627,Kevin Conroy
628,Ashley Judd
629,Will Smith
630,Leslie Cheung
631,Jesse Bradford
632,Karen Allen
633,Elijah Wood
634,Mark Dacascos
635,Chris Rock
636,Jason Priestley
637,Hiep Thi Le
638,Alan Arkin
639,Michael Crawford
640,Uma Thurman
641,Andrew Lowery
642,Rongguang Yu
643,Otto Sander
644,Rebecca De Mornay
645,Winston Chao
646,Paul Gross
647,Diane Ladd
648,Tatsuo Matsumura
649,Roberto Benigni
650,Darci Kistler
651,Brad Johnson
652,Larry B. Scott
653,Jacob Tierney
654,Jim Carrey
655,Travis Tedford
656,Woody Harrelson
657,Melanie Lynskey
658,Brian O'Halloran
659,Linda Fiorentino
660,Patrick Stewart
661,Lara Flynn Boyle
662,Renée Zellweger
663,Pat Morita
664,Toni Collette
665,Dana Delany
666,Tim Allen
667,Kerry Fox
668,Ralph Fiennes
669,Robert Patrick
670,Jeremy Piven
671,Massimo Troisi
672,Luke Perry
673,Nigel Hawthorne
674,Jeni Courtney
675,Duane Martin
676,G.W. Bailey
677,Sophia Loren
678,Alfre Woodard
679,Jeremy Davies
680,Jack Palance
681,Allen Payne
682,Rupert Everett
683,Chris Elliott
684,Denis Leary
685,Harley Jane Kozak
686,Tim Roth
687,Sean Nelson
688,Kevin Spacey
689,Jennifer Jason Leigh
690,Taylor Nichols
691,Katrin Cartlidge
692,Nikita Mikhalkov
693,Brian Benben
694,Adam Beach
695,Alicia Silverstone
696,Laura Linney
697,Leo Fitzpatrick
698,Antonio Banderas
699,Shannen Doherty
700,Elizabeth Berkley
701,Ice Cube
702,Emma Thompson
703,Leonardo DiCaprio
704,Adam Sandler
705,Karan Ashley
706,Pierce Brosnan
707,Natasha Henstridge
708,Jonny Lee Miller
709,Lori Petty
710,Bill Farmer
711,Sandra Bullock
712,James Cromwell
713,Ron Perlman
714,Mary Steenburgen
715,Liesel Matthews
716,David Caruso
717,Larenz Tate
718,Schuyler Fisk
719,Whitney Houston
720,Heather Matarazzo
721,Hal Scardino
722,Billy Zane
723,Steve Buscemi
724,Clarence Williams III
725,Predrag 'Miki' Manojlovic
726,William Baldwin
727,Julianne Moore
728,Mark Rylance
729,Jimmy Smits
730,Jack Mulcahy
731,Parker Posey
732,Peter Gallagher
733,Sinbad
734,Aida Mohammadkhani
735,Laurel Holloman
736,Sean Young
737,Shar-Ron Corley
738,Patricia Arquette
739,Michael Jordan
740,Neve Campbell
741,William H. Macy
742,Helen Hunt
743,Matthew McConaughey
744,Robin Tunney
745,Luke Wilson
746,Jennifer Tilly
747,Billy Bob Thornton
748,David Thewlis
749,Vince Vaughn
750,Shawn Wayans
751,Philip Baker Hall
752,Tony Shalhoub
753,Jada Pinkett Smith
754,Paul Terry
755,Pauly Shore
756,Gwyneth Paltrow
757,Naveen Andrews
758,Christopher Guest
759,Timothy Spall
760,Mike Judge
761,Pamela Anderson
762,Reese Witherspoon
763,Shaquille O'Neal
764,Kelsey Grammer
765,Edward Burns
766,Geoffrey Rush
767,Michelle Trachtenberg
768,Dennis Miller
769,Vincent Perez
770,Jeffrey Wright
771,Bruce Ramsay
772,Scarlett Johansson
773,Chris O'Donnell
774,Christopher Eccleston
775,Michael J. Pollard
776,Ben Stiller
777,Jerry O'Connell
778,Sarah Jessica Parker
779,Tom Arnold
780,Martin Lawrence
781,Vincent D'Onofrio
782,Greg Kinnear
783,David Schwimmer
784,Theresa Randle
785,Steven Soderbergh
786,Thora Birch
787,Illeana Douglas
788,Matt LeBlanc
789,Mark Wahlberg
790,Casper Van Dien
791,Pam Grier
792,Alex D. Linz
793,Tate Donovan
794,Matt Damon
795,Jennifer Love Hewitt
796,Meg Ryan
797,Matthew Perry
798,Kel Mitchell
799,Robert Carlyle
800,Michael Jai White
801,Nick Sutton
802,Stephen Fry
803,Ben Affleck
804,Djimon Hounsou
805,Mira Sorvino
806,Robin Shou
807,Mel B
808,Jennifer Lopez
809,George Clooney
810,Nathan Lane
811,Chris Farley
812,Trey Parker
813,Vanessa Williams
814,Mohammad Amir Naji
815,Tom Everett Scott
816,Rowan Atkinson
817,Tammy Lauren
818,Howard Stern
819,Jennifer Aniston
820,Samuel L. Jackson
821,Tenzin Thuthob Tsarong
822,Michael Jeter
823,Christina Ricci
824,Jason David Frank
825,Fran Drescher
826,Cameron Diaz
827,Miguel Ferrer
828,Kevin Sorbo
829,John Leguizamo
830,Angus Macfadyen
831,Sophie Marceau
832,Peter Fonda
833,Jared Leto
834,Will Friedle
835,Sam Rockwell
836,Llyr Ifans
837,Christopher McDonald
838,Joseph Mazzello
839,Thomas Jane
840,Marlon Wayans
841,Stephen Dillane
842,David Duchovny
843,Aaron Eckhart
844,Julia Ormond
845,Edward Norton
846,Jordana Brewster
847,Ming-Na Wen
848,Jim Caviezel
849,Tobey Maguire
850,Jason Schwartzman
851,Rufus Sewell
852,Kirsten Dunst
853,Ulrich Thomsen
854,Sean Gullette
855,Jane Adams
856,Cate Blanchett
857,Ryan Phillippe
858,Vincent Gallo
859,James Marsden
860,Dave Chappelle
861,Jeremy Theobald
862,Chris Kattan
863,Jeffrey Falcon
864,Chow Yun-Fat
865,Norm MacDonald
866,Ian McKellen
867,Chloë Sevigny
868,Carlo Cecchi
869,Veronica Taylor
870,Nas
871,Ian Bannen
872,Magda Szubanski
873,Jessalyn Gilsig
874,Ian Michael Smith
875,Gillian Anderson
876,Elizabeth Daily
877,LisaRaye McCoy
878,Catherine McCormack
879,Fernanda Montenegro
880,Billy Crudup
881,Joseph Cross
882,Jay Mohr
883,Kate Winslet
884,Oprah Winfrey
885,Howie Long
886,Natasha Lyonne
887,Kevin Gage
888,George Hearn
889,Paul Walker
890,Joaquin Phoenix
891,Jonathan Taylor Thomas
892,Chris Stafford
893,Jerry Springer
894,Amy Brenneman
895,Jason Biggs
896,Ewan McGregor
897,Heath Ledger
898,Ron Livingston
899,Sarah Michelle Gellar
900,Heather Donahue
901,James Van Der Beek
902,Freddie Prinze Jr.
903,Tony Goldwyn
904,Eli Marienthal
905,Russell Crowe
906,Rob Schneider
907,Hilary Swank
908,Rose McGowan
909,Diane Lane
910,Jake Gyllenhaal
911,Jude Law
912,Sarah Polley
913,Richard Farnsworth
914,Devon Sawa
915,Milla Jovovich
916,Tommy Flanagan
917,Guy Pearce
918,Helen Mirren
919,Craig Bierko
920,Melissa Joan Hart
921,Terence Stamp
922,Juliette Lewis
923,Claire Danes
924,Molly Shannon
925,Taye Diggs
926,Emily Watson
927,Christopher Lloyd
928,James Levine
929,Emily Bergl
930,Charlize Theron
931,Dave Goelz
932,Elayn J. Taylor
933,French Stewart
934,Kevin Clash
935,Annette Bening
936,Shawn Hatosy
937,Takehiro Murata
938,Loren Dean
939,David Spade
940,Alessandro Nivola
941,Hank Azaria
942,Christian Campbell
943,Miranda Richardson
944,Jeremy Northam
945,Ellen Burstyn
946,Anna Faris
947,Piper Perabo
948,Breckin Meyer
949,Ashton Kutcher
950,Radha Mitchell
951,Emily Perkins
952,David Arquette
953,Fred Willard
954,Jamie Bell
955,Emilio Echevarría
956,Björk
957,Giovanni Ribisi
958,Natalie Portman
959,Sanaa Lathan
960,Jonathan Lipnicki
961,Mark Addy
962,Gerard Butler
963,Joshua Jackson
964,Jet Li
965,Amanda Schull
966,Jeffrey Donovan
967,Jean Reno
968,John Malkovich
969,Colin Farrell
970,Shane West
971,Mike White
972,Kirk Cameron
973,Lauren Ambrose
974,Jamie Foxx
975,Brenda Blethyn
976,Jung Suh
977,Jennifer Morrison
978,Penélope Cruz
979,Tim Meadows
980,Joan Allen
981,Ricardo Darín
982,Timothy Olyphant
983,Lori Heuring
984,Michelle Rodriguez
985,Frankie Muniz
986,Huey Lewis
987,Christine Cavanaugh
988,Takeshi Kitano
989,Minnie Driver
990,Chris Klein
991,Jim Cummings
992,Garry Shandling
993,Heather Graham
994,Lara Jill Miller
995,Daniel Radcliffe
996,Vin Diesel
997,Naomi Watts
998,Daveigh Chase
999,Chyler Leigh
1000,Josh Hartnett
1001,Audrey Tautou
1002,Haley Joel Osment
1003,Jay Chandrasekhar
1004,Janeane Garofalo
1005,Jack Black
1006,Gina Philips
1007,Alexa PenaVega
1008,Angelina Jolie
1009,Julia Stiles
1010,Method Man
1011,Steve Zahn
1012,Kane Hodder
1013,Jason Mewes
1014,Samuel Le Bihan
1015,Flex Alexander
1016,John Cameron Mitchell
1017,Alexsandra Wright
1018,Tom Green
1019,Hayden Christensen
1020,Tadanobu Asano
1021,Shannon Elizabeth
1022,Tom Wilkinson
1023,Rachael Leigh Cook
1024,Marisa Paredes
1025,Stephen Chow
1026,Debi Derryberry
1027,Denise Richards
1028,Marla Sokoloff
1029,Ryan Gosling
1030,Judi Dench
1031,Shah Rukh Khan
1032,Justin Chambers
1033,Mekhi Phifer
1034,Liv Tyler
1035,Melissa Sagemiller
1036,Jennifer Westfeldt
1037,Brian Cox
1038,Dr. Dre
1039,Snoop Dogg
1040,Monica Potter
1041,Mariah Carey
1042,Vivica A. Fox
1043,Shane Brolly
1044,Toshio Furukawa
1045,Catherine Keener
1046,Andrew Lawrence
1047,Christopher Gorham
1048,Greg Stebner
1049,Eminem
1050,Adrien Brody
1051,Cillian Murphy
1052,Franka Potente
1053,Matthew Lillard
1054,Mandy Moore
1055,Joseph Gordon-Levitt
1056,Nia Vardalos
1057,Dwayne Johnson
1058,Jason Statham
1059,Kate Bosworth
1060,Julianna Margulies
1061,Ryan Reynolds
1062,Salma Hayek
1063,Steve Oedekerk
1064,Aaliyah
1065,Rebecca Romijn
1066,Jordan Ladd
1067,DJ Qualls
1068,Colin Hanks
1069,Britney Spears
1070,Andy Lau
1071,Shad Moss
1072,Kang-ho Song
1073,Parry Shen
1074,Dana Carvey
1075,Nick Cannon
1076,Eddie Griffin
1077,Alexis Bledel
1078,Angela Bettis
1079,Miguel A. Núñez Jr.
1080,Chiwetel Ejiofor
1081,Kieran Culkin
1082,Bruce Greenwood
1083,Megumi Okina
1084,Keisha Castle-Hughes
1085,Everlyn Sampi
1086,Jeremy Renner
1087,Charlie Hunnam
1088,Barry Watson
1089,Katie Holmes
1090,Casey Affleck
1091,Blayne Weaver
1092,Mars Callahan
1093,Anna Paquin
1094,Tim Curry
1095,Morris Chestnut
1096,Michael Reilly Burke
1097,America Ferrera
1098,Steve Irwin
1099,Kate Beckinsale
1100,Choi Min-sik
1101,Michael Pitt
1102,Albert Brooks
1103,Eric Bana
1104,Evan Rachel Wood
1105,Eliza Dushku
1106,Jeremy Sumpter
1107,Tommy Wiseau
1108,Jessica Biel
1109,Shia LaBeouf
1110,Sid Haig
1111,Kate Hudson
1112,Amanda Bynes
1113,Will Ferrell
1114,Blanchard Ryan
1115,A.J. Cook
1116,Elias McConnell
1117,Chaney Kley
1118,Daryl Sabara
1119,Derek Richardson
1120,Jonathan Breck
1121,Jessica Alba
1122,Jonathan Cherry
1123,Jennifer Connelly
1124,Peter Dinklage
1125,Adam Brody
1126,Halle Berry
1127,Hilary Duff
1128,Brittany Murphy
1129,Jamie Kennedy
1130,Anthony Anderson
1131,Michèle Caucheteux
1132,Paul Rudd
1133,Wes Ramsey
1134,Clive Owen
1135,Romola Garai
1136,Jason Lee
1137,Zooey Deschanel
1138,Kelly Clarkson
1139,Philip Seymour Hoffman
1140,Joe Nicolo
1141,Anne Reid
1142,Jodi Carlisle
1143,Joseph Fiennes
1144,Corbin Allred
1145,Samy Naceri
1146,Liam Aiken
1147,Emile Hirsch
1148,Scott Mechlowicz
1149,Lindsay Lohan
1150,Hugh Jackman
1151,Craig T. Nelson
1152,Chieko Baishô
1153,Jon Heder
1154,Jennifer Garner
1155,Don Cheadle
1156,John Cho
1157,Paul Giamatti
1158,Anne Hathaway
1159,Shane Carruth
1160,Tom Kenny
1161,Zach Braff
1162,Tony Chiu-Wai Leung
1163,Martin Henderson
1164,Cayden Boyd
1165,Queen Latifah
1166,Kenan Thompson
1167,Jena Malone
1168,Viggo Mortensen
1169,Rory Culkin
1170,Diego Luna
1171,Sara Foster
1172,Gael García Bernal
1173,Dwayne Adway
1174,Seung-Yun Lee
1175,Mary-Kate Olsen
1176,Stellan Skarsgård
1177,Tracey Ullman
1178,Cedric the Entertainer
1179,Konstantin Khabenskiy
1180,Omarion
1181,Ray Romano
1182,Owen Wilson
1183,Catalina Sandino Moreno
1184,Imelda Staunton
1185,Paul Kaye
1186,Kristen Stewart
1187,Jang Dong-Gun
1188,Anthony Mackie
1189,Steve Carell
1190,Ziyi Zhang
1191,Keira Knightley
1192,Hugo Weaving
1193,Orlando Bloom
1194,Martin Freeman
1195,Ioan Gruffudd
1196,Nathan Fillion
1197,Jay Hernandez
1198,Patrick Wilson
1199,Amber Tamblyn
1200,Rachel McAdams
1201,Chad Michael Murray
1202,Seann William Scott
1203,Stephanie Leonidas
1204,Donnie Wahlberg
1205,Josh Hutcherson
1206,Camilla Belle
1207,Nathan Phillips
1208,Karl Urban
1209,Owen Kline
1210,Kimberly Elise
1211,Peter Sallis
1212,50 Cent
1213,Kristanna Loken
1214,Navi Rawat
1215,Kuno Becker
1216,Jack Thompson
1217,David Strathairn
1218,Julian Morris
1219,Ray Winstone
1220,Josh Lucas
1221,Terrence Howard
1222,Tom Welling
1223,AnnaSophia Robb
1224,Benjamin Bratt
1225,Steve Howey
1226,Barney Clark
1227,John Hawkes
1228,Felicity Huffman
1229,Bryce Dallas Howard
1230,Embeth Davidtz
1231,Lou Taylor Pucci
1232,Lucas Black
1233,Daniel Craig
1234,Ivana Baquero
1235,Gerardo Taracena
1236,James McAvoy
1237,Ulrich Mühe
1238,Justin Long
1239,Brandon Routh
1240,Steven Strait
1241,Ted Levine
1242,Ben Whishaw
1243,Carice van Houten
1244,Channing Tatum
1245,Sacha Baron Cohen
1246,Mary Elizabeth Winstead
1247,Emma Roberts
1248,Lee Pace
1249,Jesse Metcalfe
1250,Ed Speleers
1251,Beyoncé
1252,Tobin Bell
1253,Mitchel Musso
1254,Jessica Simpson
1255,Jaime Pressly
1256,Sook-Yin Lee
1257,David Alan Basche
1258,Ken Watanabe
1259,Dakota Fanning
1260,Liev Schreiber
1261,Jon Foster
1262,Josh Duhamel
1263,Tyler Perry
1264,John Cena
1265,Sienna Miller
1266,Kevin James
1267,Freddie Highmore
1268,Alyson Hannigan
1269,James Franco
1270,Alison Lohman
1271,Patrick Fugit
1272,Glenn Jacobs
1273,T.I.
1274,Toby Jones
1275,Kristen Bell
1276,Jake T. Austin
1277,Daniel London
1278,Catherine O'Hara
1279,Logan Lerman
1280,Charlie Cox
1281,Michael Cera
1282,Brad Garrett
1283,Elliot Page
1284,Amy Adams
1285,Seth Rogen
1286,Scout Taylor-Compton
1287,Ryan Kwanten
1288,Jerry Seinfeld
1289,Reiko Aylesworth
1290,Dane Cook
1291,Lauren German
1292,Karra Elejalde
1293,Kal Penn
1294,Daniel Hansen
1295,Katie Featherston
1296,John C. Reilly
1297,Gaspard Ulliel
1298,Dan Castellaneta
1299,Matthew Macfadyen
1300,Will Arnett
1301,Thomas Lennon
1302,Marion Cotillard
1303,Glen Hansard
1304,Richard Jenkins
1305,Keri Russell
1306,Alexander Ludwig
1307,Catherine Zeta-Jones
1308,Daniella Alonso
1309,Sean Bean
1310,Khalid Abdalla
1311,Skyler Shaye
1312,Gabrielle Union
1313,David Koechner
1314,Wagner Moura
1315,Norah Jones
1316,Javier Bardem
1317,Rachel Nichols
1318,Patrick Carroll
1319,Big Boi
1320,Chiara Mastroianni
1321,Robert Wisdom
1322,Elisha Cuthbert
1323,Anton Yelchin
1324,Justin Chatwin
1325,Michelle Morgan
1326,Columbus Short
1327,Zack Ward
1328,Scott Speedman
1329,Ben Burtt
1330,Rebecca Hall
1331,Dev Patel
1332,Mike Vogel
1333,Shawn Ashmore
1334,Jim Sturgess
1335,Sean Faris
1336,Josh Zuckerman
1337,Ben Barnes
1338,Asa Butterfield
1339,Katherine Heigl
1340,Kåre Hedebrant
1341,Tom Hardy
1342,Carmen Electra
1343,Drake Bell
1344,Ray Stevenson
1345,Rhona Mitra
1346,Gabriel Macht
1347,Ricky Gervais
1348,Chris Pine
1349,Rainn Wilson
1350,Robert Hoffman
1351,Paul Sorvino
1352,Scott Patterson
1353,Vinnie Jones
1354,Rachel Weisz
1355,Josh Brolin
1356,Simon Pegg
1357,Brittany Snow
1358,Zac Efron
1359,Sean Maguire
1360,Matt Lanter
1361,Tina Fey
1362,Saoirse Ronan
1363,Jennifer Carpenter
1364,Frank Langella
1365,Michelle Williams
1366,Stephen McHattie
1367,Ari Folman
1368,Matthew Goode
1369,Alyssa Milano
1370,Rob Brown
1371,Josh Peck
1372,Jimmy Bennett
1373,Melissa Leo
1374,Sam Worthington
1375,Megan Fox
1376,Jackie Earle Haley
1377,Zach Galifianakis
1378,Ginnifer Goodwin
1379,Jesse Eisenberg
1380,Sharlto Copley
1381,Quinton Aaron
1382,Edward Asner
1383,Dan Fogler
1384,Jared Padalecki
1385,Anika Noni Rose
1386,Nathaniel Brown
1387,Eric Christian Olsen
1388,Garret Dillahunt
1389,Michael Nyqvist
1390,Penn Badgley
1391,Max Records
1392,Briana Evigan
1393,Christopher Plummer
1394,Gabourey Sidibe
1395,Hye-ja Kim
1396,Michael Stuhlbarg
1397,Josh Stewart
1398,Rain
1399,Nick Zano
1400,Carey Mulligan
1401,Jensen Ackles
1402,Emily Blunt
1403,Tahar Rahim
1404,Katie Jarvis
1405,Hayden Panettiere
1406,Odette Annable
1407,Jamal Woolard
1408,Sasha Grey
1409,Christian Friedel
1410,Sean Patrick Flanery
1411,Miley Cyrus
1412,Alan Van Sprang
1413,Jocelin Donahue
1414,John Krasinski
1415,Abbie Cornish
1416,Jeppe Beck Laursen
1417,Ben Foster
1418,Evan McGuire
1419,Gemma Arterton
1420,Zach Cregger
1421,Chris Massoglia
1422,Ashley Tisdale
1423,Kristin Kreuk
1424,Colm Meaney
1425,Michael Angarano
1426,Rooney Mara
1427,Jonathan D. Mellor
1428,Jay Baruchel
1429,Aaron Taylor-Johnson
1430,Madeline Carroll
1431,Scoot McNairy
1432,Sarah Butler
1433,Noah Ringer
1434,Lubna Azabal
1435,Mia Wasikowska
1436,Emma Stone
1437,Danny Trejo
1438,Idris Elba
1439,Michael Fassbender
1440,Zachary Gordon
1441,Paul Bettany
1442,Robert Pattinson
1443,Jennifer Lawrence
1444,Chris Brown
1445,Chris Messina
1446,Keir Gilchrist
1447,Kodi Smit-McPhee
1448,Will Forte
1449,Eric Balfour
1450,Joey King
1451,Amanda Seyfried
1452,Jonah Hill
1453,Amy Poehler
1454,Sharni Vinson
1455,Stephen Spinella
1456,Kôji Yakusho
1457,Bill Nighy
1458,Jenn Proske
1459,Chace Crawford
1460,Patrick Fabian
1461,Juno Temple
1462,Garrett Hedlund
1463,Connor Paolo
1464,Robin Wright
1465,Max Thieriot
1466,Danielle Harris
1467,David Hyde Pierce
1468,Chris Evans
1469,Chris Hemsworth
1470,Michael Shannon
1471,Kristen Wiig
1472,Kristen Connolly
1473,Emily Browning
1474,Mila Kunis
1475,Henry Cavill
1476,Justin Timberlake
1477,Elle Fanning
1478,Bradley Cooper
1479,Jason Momoa
1480,Danny McBride
1481,Zoe Saldana
1482,Taylor Lautner
1483,Payman Maadi
1484,Jeremy Irvine
1485,Iko Uwais
1486,Zachary Quinto
1487,Nicholas D'Agosto
1488,Alex Pettyfer
1489,Kenny Wormald
1490,Topher Grace
1491,Sara Paxton
1492,Gina Carano
1493,Jean Dujardin
1494,Lucas Pittaway
1495,Nick Swardson
1496,John Boyega
1497,Brendan Gleeson
1498,Dominic Cooper
1499,Brit Marling
1500,Felicity Jones
1501,Elizabeth Olsen
1502,Minka Kelly
1503,Selena Gomez
1504,Colin O'Donoghue
1505,Christopher Denham
1506,Thomas Horn
1507,Rhys Wakefield
1508,Michael Parks
1509,Sarah Bolger
1510,Mark Duplass
1511,Alex Kendrick
1512,Warren Christie
1513,Rhys Ifans
1514,Russell Brand
1515,Taylor Schilling
1516,Ranbir Kapoor
1517,Anna Kendrick
1518,Mads Mikkelsen
1519,Noomi Rapace
1520,Jared Gilman
1521,Jessica Chastain
1522,Andrew Garfield
1523,Kelly Macdonald
1524,Taylor Kitsch
1525,Alexander Skarsgård
1526,Vanessa Hudgens
1527,Danielle Panabaker
1528,Benjamin Walker
1529,Thomas Mann
1530,Suraj Sharma
1531,Julianne Hough
1532,Aubrey Plaza
1533,Dane DeHaan
1534,Jason Segel
1535,Sean Hayes
1536,Ann Dowd
1537,Dax Shepard
1538,Alex Veadov
1539,Sam Riley
1540,Dylan O'Brien
1541,Luke Evans
1542,Lily Collins
1543,Ashley Hinshaw
1544,Sheri Moon Zombie
1545,Kathryn McCormick
1546,Paul Dano
1547,Natasha Calis
1548,Adelaide Clemens
1549,Jean-Louis Trintignant
1550,Quvenzhané Wallis
1551,Ashley Greene
1552,Jonny Weston
1553,Josh Radnor
1554,Pål Sverre Hagen
1555,Stephen Dunham
1556,John Magaro
1557,Jesse McCartney
1558,Aamir Khan
1559,Ari Graynor
1560,Fernanda Andrade
1561,Saif Ali Khan
1562,Victoria Justice
1563,Peter Sarsgaard
1564,Domhnall Gleeson
1565,Jason Sudeikis
1566,Lorenza Izzo
1567,Daniel Brühl
1568,Jane Levy
1569,Emily Baldoni
1570,Alexandra Daddario
1571,Nicholas Hoult
1572,Karen Gillan
1573,Simon Rex
1574,Oscar Isaac
1575,Chloë Grace Moretz
1576,Julia Louis-Dreyfus
1577,Gugu Mbatha-Raw
1578,Jaden Smith
1579,Miles Teller
1580,Chadwick Boseman
1581,Sophie Nélisse
1582,Katie Chang
1583,Hideaki Anno
1584,Alice Englert
1585,Carlos Alazraqui
1586,Bill Hader
1587,Macon Blair
1588,Bruce Dern
1589,Christoph Waltz
1590,Mark Strong
1591,Neil Patrick Harris
1592,Michael B. Jordan
1593,Johnny Knoxville
1594,Amy Seimetz
1595,Liam Hemsworth
1596,Bérénice Bejo
1597,Benedict Cumberbatch
1598,Tiger Hu Chen
1599,Irrfan Khan
1600,Chris Pratt
1601,Alicia Vikander
1602,Shailene Woodley
1603,Jon Favreau
1604,Jemaine Clement
1605,Frank Grillo
1606,Maika Monroe
1607,Brenton Thwaites
1608,Sullivan Stapleton
1609,Ryan Potter
1610,Jack O'Connell
1611,Perdita Weeks
1612,Ward Horton
1613,Ellar Coltrane
1614,Eddie Redmayne
1615,Essie Davis
1616,Darío Grandinetti
1617,Dan Stevens
1618,Joel Kinnaman
1619,Zoey Deutch
1620,Rose Leslie
1621,Aaron Paul
1622,Seth MacFarlane
1623,Hugh Bonneville
1624,Richard Armitage
1625,Tom McGrath
1626,Heather Sossaman
1627,Gabriella Wilde
1628,Kit Harington
1629,Kaitlyn Dever
1630,Jake Johnson
1631,Andy Powers
1632,Sharon Leal
1633,David Oyelowo
1634,Jon Hamm
1635,John Lloyd Young
1636,Kellan Lutz
1637,Ryan Guzman
1638,Shane Harper
1639,Ty Burrell
1640,Melissa McCarthy
1641,Christina Hendricks
1642,Jared Harris
1643,Taraji P. Henson
1644,Sidse Babett Knudsen
1645,Olivia Cooke
1646,Kevin Hart
1647,Dakota Johnson
1648,Anya Taylor-Joy
1649,Brie Larson
1650,Mark Ruffalo
1651,Lily James
1652,Daisy Ridley
1653,Melissa Rauch
1654,Jason Clarke
1655,Olivia DeJonge
1656,Ed Helms
1657,Blake Lively
1658,Jim Parsons
1659,Tom Hiddleston
1660,Amy Schumer
1661,O'Shea Jackson Jr.
1662,Lake Bell
1663,Edgar Ramírez
1664,Rupert Friend
1665,Adrian Grenier
1666,Tye Sheridan
1667,Levi Miller
1668,Mae Whitman
1669,Bryan Cranston
1670,Scott Eastwood
1671,Prabhas
1672,Nat Wolff
1673,Abraham Attah
1674,Bel Powley
1675,Kitana Kiki Rodriguez
1676,James Ransone
1677,Ben Mendelsohn
1678,Taron Egerton
1679,Lily Tomlin
1680,Amy Landecker
1681,Shameik Moore
1682,Adam Scott
1683,Donnie Yen
1684,Noah Schnapp
1685,Olivia Wilde
1686,Reese Mishler
1687,Aubrey Peeples
1688,Kate Mara
1689,Rob Corddry
1690,Priscilla C. Shirer
1691,Travis Fimmel
1692,Emilia Clarke
1693,Auli'i Cravalho
1694,Vera Farmiga
1695,Eva Green
1696,Mahershala Ali
1697,Neel Sethi
1698,Ellen DeGeneres
1699,Teresa Palmer
1700,Mike Epps
1701,Suki Waterhouse
1702,Hailee Steinfeld
1703,Adam Driver
1704,Lauren Cohan
1705,Louis C.K.
1706,Andy Samberg
1707,Blake Jenner
1708,Neal McDonough
1709,John Gallagher Jr.
1710,Jack Huston
1711,Keegan-Michael Key
1712,Lewis MacDougall
1713,James Allen McCune
1714,James Arnold Taylor
1715,Elizabeth Reaser
1716,Natalie Dormer
1717,Lucas Till
1718,Joe Alwyn
1719,Ruth Negga
1720,Stephan James
1721,Bill Skarsgård
1722,Tom Holland
1723,Daniel Kaluuya
1724,Fionn Whitehead
1725,Anthony Gonzalez
1726,Ansel Elgort
1727,Gal Gadot
1728,Jacob Tremblay
1729,Sally Hawkins
1730,Emma Watson
1731,Frances McDormand
1732,Margot Robbie
1733,Jessica Rothe
1734,Scott Shepherd
1735,Brooklynn Prince
1736,Vicky Krieps
1737,Anthony LaPaglia
1738,Andy Serkis
1739,Michael Peña
1740,Kumail Nanjiani
1741,Katie Leung
1742,Matt Passmore
1743,Amandla Stenberg
1744,Dacre Montgomery
1745,Joel Edgerton
1746,T.J. Miller
1747,Rosario Dawson
1748,Regina Hall
1749,Sam Elliott
1750,Josh Gad
1751,Matilda Anna Ingrid Lutz
1752,Demetrius Shipp Jr.
1753,Demi Lovato
1754,Eugenio Derbez
1755,Jason Drucker
1756,Emily Mortimer
1757,Brett Dalton
1758,Douglas Smith
1759,Rami Malek
1760,Constance Wu
1761,John David Washington
1762,Boyd Holbrook
1763,Alden Ehrenreich
1764,Bella Thorne
1765,Lady Gaga
1766,Elsie Fisher
1767,Olivia Colman
1768,Benicio Del Toro
1769,Y'lan Noel
1770,Demián Bichir
1771,Zain Al Rafeea
1772,Nick Robinson
1773,James Corden
1774,Justin Theroux
1775,Logan Marshall-Green
1776,Jovan Adepo
1777,Claire Foy
1778,Hera Hilmar
1779,Sunny Suljic
1780,Viola Davis
1781,Leslie Mann
1782,Angourie Rice
1783,LaKeith Stanfield
1784,Lucy Hale
1785,Storm Reid
1786,Amber Heard
1787,Ayushmann Khurrana
1788,Aldis Hodge
1789,Lin Shaye
1790,Lucas Hedges
1791,Alex Roe
1792,Odessa Young
1793,Colin Woodell
1794,Mackenzie Foy
1795,Cynthea Mercado
1796,Kyrie Irving
1797,Shay Mitchell
1798,KiKi Layne
1799,Alek Skarlatos
1800,Steve Coogan
1801,Trevor Jackson
1802,J. Michael Finley
1803,Masako Nozawa
1804,Myles Truitt
1805,Wendi McLendon-Covey
1806,Tiffany Haddish
1807,Florence Pugh
1808,Taylor Russell
1809,Himesh Patel
1810,Josephine Langford
1811,Roman Griffin Davis
1812,Zachary Levi
1813,Dean-Charles Chapman
1814,Rosa Salazar
1815,Lupita Nyong'o
1816,Samara Weaving
1817,David Harbour
1818,Linda Hamilton
1819,Stephen Campbell Moore
1820,Isabela Merced
1821,Donald Glover
1822,Kyle Chandler
1823,Elizabeth Banks
1824,Zack Gottsagen
1825,Octavia Spencer
1826,Haley Lu Richardson
1827,Kaya Scodelario
1828,Oakes Fegley
1829,Patton Oswalt
1830,Linda Cardellini
1831,Zoe Margaret Colletti
1832,Michael Ealy
1833,Kotaro Daigo
1834,Jake Schur
1835,Dave Bautista
1836,Billy Barratt
1837,Chloe Bennet
1838,Rebel Wilson
1839,Gina Rodriguez
1840,Sofia Mali
1841,Tony Jaa
1842,Jing Wu
1843,Louis Ashbourne Serkis
1844,Marcel Ruiz
1845,Yara Shahidi
1846,Melanie Martinez
1847,Ashley Bratcher
1848,Terry Serpico
1849,Ace Young
1850,Elisabeth Moss
1851,Ben Schwartz
1852,Zhi-zhong Huang
